id,domain,status,purchase_price,renewal_price,attractiveness,demand,length,registrar,created_at,expires_at,status_verified_at
0c68f61c-f671-4ef6-bfb2-5f0977ce9518,achromatic.flights,available,23.98,75.98,medium,low,10,namecheap,,,
38e08c94-ead0-47a0-9ac9-450521583daf,abroach.flights,available,23.98,75.98,high,low,7,namecheap,,,
96eace32-7091-4211-b7f2-dbbe81c0b0a5,traveling.flights,available,58.99,58.99,high,low,9,namesilo,,,24/09/2026 15:41
f76b67fc-9a92-4410-92bc-bc9725787553,natural.flights,available,23.98,75.98,high,low,7,namecheap,,,08/09/2026 12:12
084008ad-0c52-48a1-99d8-557a7213e7d6,antifungal.flights,available,23.98,75.98,high,low,10,namecheap,,,
9c65cb2d-e5f7-4994-b0a1-b7fb8016f91d,stations.flights,available,58.99,58.99,high,low,8,namesilo,,,
28b84b13-0496-4539-8fde-591fcbdcc199,asshole.flights,available,23.98,75.98,medium,low,7,namecheap,,,08/08/2026 23:24
7e4b4c79-3da9-4592-8cbd-9c304ee57437,buffer.flights,available,58.99,58.99,high,low,6,namesilo,,,
44365633-e8a9-4616-b38a-8e3ea6d7f5c5,upon.flights,available,58.99,58.99,high,low,4,namesilo,,,
6b7d0d28-8b59-4e5d-8201-b6b76722bc3a,conspiracy.flights,available,58.99,58.99,high,low,10,namesilo,,,
c46de324-edaa-4f18-a8d6-c4162af48c0d,smith.flights,available,58.99,58.99,high,medium,5,namesilo,,,
41868e21-41d9-4cc1-8c24-8ff322be6e53,anger.flights,available,59.99,,high,low,5,name.com,,,
bc796c93-0276-409e-8429-85a087b594f8,charmed.flights,available,23.98,75.98,high,low,7,namecheap,,,09/08/2026 09:57
259dc084-23e5-4c1d-8f7f-4a8da779593b,auld.flights,available,23.98,75.98,medium,low,4,namecheap,,,07/08/2026 17:21
614b84f9-2c9a-4eff-8362-77d7b72de2a1,guilt.flights,available,59.99,,high,low,5,name.com,,,
fd2097a7-0f9c-4c00-9afb-8cb58f421ec9,bleak.flights,available,23.98,75.98,medium,low,5,namecheap,,,08/08/2026 21:02
e78e30a1-1447-4733-a4e2-68fe777692cc,legs.flights,available,58.99,58.99,high,low,4,namesilo,,,
efe44dec-bd6e-4e15-91c2-0a7dc1912f42,poisoning.flights,available,58.99,58.99,high,low,9,namesilo,,,
0f249cf6-9670-4226-a686-f11683992535,rust.flights,available,59.99,,high,low,4,name.com,,,
389919ad-fd3f-4d67-8c73-3f35b13df30f,singapore.flights,available,,,high,low,9,,,,
61264571-aef5-4110-bf1b-c1a7ef20eac9,attorney.flights,premium,78.54,78.54,high,low,8,namesilo,,,
da85a7cc-2973-4968-9dee-c11a6fa14ada,beetle.flights,available,23.98,75.98,high,low,6,namecheap,,,09/08/2026 08:17
f462710b-3706-4e42-9b65-4a660d009e27,sit.flights,available,58.99,58.99,high,low,3,namesilo,,,
261bb3d4-4b6a-45aa-b12d-1430cf910144,halo.flights,available,58.99,58.99,high,medium,4,namesilo,,,
83bb799b-c0aa-4132-a62e-e86612889d4b,zestful.flights,available,23.98,75.98,high,low,7,namecheap,,,08/08/2026 19:51
90dfe7ba-90c8-4664-b566-b050f56e9a16,ford.flights,available,,,high,low,4,,,,
c8fca1aa-9712-40fc-bf5e-59464cc54117,murder.flights,available,58.99,58.99,high,low,6,namesilo,,,
dbadeaae-a325-4ace-8811-c0eeb2b8fdbe,navy.flights,premium,250,,high,low,4,name.com,,,
9403d70f-829f-4655-b3b3-e2b65c1fc1d5,ought.flights,available,58.99,58.99,high,low,5,namesilo,,,
b692d3f4-c10e-43af-bf11-e5ee5e5aeb8c,aspheric.flights,available,23.98,75.98,medium,low,8,namecheap,,,07/08/2026 04:52
0c2cb520-24eb-4ccd-a396-bc0ace4fe5a7,permutation.flights,available,59.99,,high,low,11,name.com,,,
543bcccc-d638-4264-a2e1-f1b0f17aab38,greetings.flights,available,58.99,58.99,high,low,9,namesilo,,,
68a799d7-5f5f-4587-ac66-9414f00c984e,digits.flights,available,59.99,,high,low,6,name.com,,,
a5ed7fa5-75b3-4b00-b500-68052c186234,incentive.flights,available,58.99,58.99,high,low,9,namesilo,,,
2d307d06-4ad7-41c0-9eb2-579a1918f105,woodsy.flights,available,23.98,75.98,high,low,6,namecheap,,,06/08/2026 13:04
d2f7f8d0-1ff7-45e2-9a77-5c70dbeb0872,ding.flights,available,59.99,,high,low,4,name.com,,,
27a18b20-fbac-458f-85dc-ba99b3aa4aec,beaming.flights,available,23.98,75.98,high,low,7,namecheap,,,09/08/2026 04:03
c0d749ad-9a2f-4462-871a-073a7400379a,acinic.flights,available,23.98,75.98,medium,low,6,namecheap,,,
05720009-1d7b-4acf-8068-cc7fc31df1fe,awny.flights,available,23.98,75.98,medium,low,4,namecheap,,,08/08/2026 01:25
15f86c5f-f487-4319-85e4-527ab7f6ea08,patent.flights,available,23.98,75.98,high,low,6,namecheap,,,06/08/2026 05:19
e1105545-75b4-4da2-bf4d-6dcda4320608,presentation.flights,available,59.99,,high,low,12,name.com,,,
34e29b28-6691-452c-93d6-b38f1e5149fe,peaking.flights,available,58.99,58.99,high,low,7,namesilo,,,
6bbe34d3-035c-4a24-b654-7529e01d10dc,properties.flights,premium,118.8,118.8,high,low,10,namesilo,,,
222f5d52-7e1e-49a2-950f-d90d8658e38b,advisor.flights,available,58.99,58.99,high,low,7,namesilo,,,
fc023707-72df-4852-b400-deae05c775b1,reebok.flights,available,58.99,58.99,high,low,6,namesilo,,,
0d08862f-ca2a-41d2-83b9-eb3a728bf59d,cipher.flights,available,23.98,75.98,high,low,6,namecheap,,,08/09/2026 15:11
acee148d-5d39-479c-8143-048df40ca98c,clickbait.flights,available,58.99,58.99,medium,low,9,namesilo,,,
3b25652f-a7c0-4459-979a-ffd798ac1f0c,invent.flights,available,58.99,58.99,high,low,6,namesilo,,,
a0a64eff-0983-4f49-bbd7-a3a46cef100d,ambient.flights,available,23.98,75.98,high,low,7,namecheap,,,
be5db6b9-2e8e-4f50-b297-3f664f0f007a,systematically.flights,available,59.99,,medium,low,14,name.com,,,
856438de-230d-4fc0-a553-b5661155acbd,vary.flights,available,58.99,58.99,high,low,4,namesilo,,,
3c466730-3c72-434f-86f7-921254e122a8,darken.flights,available,58.99,58.99,high,low,6,namesilo,,,
9b695918-bbd9-4234-b611-7d4536baee8d,induce.flights,available,58.99,58.99,high,low,6,namesilo,,,
5f7c2687-120d-4a22-bc5a-ceac8e8bacf6,destiny.flights,available,58.99,58.99,high,low,7,namesilo,,,
4b29591e-5aca-4377-b30e-393c4b89c5d0,alert.flights,premium,242,242,high,low,5,namesilo,,,
4fb26771-212d-47e5-838f-1bbaf25b501b,tetrad.flights,available,23.98,75.98,high,low,6,namecheap,,,
f93245f3-96ed-4861-9e69-f8336f74c53b,revised.flights,available,59.99,,high,low,7,name.com,,,
051313be-0159-4cc1-a4b6-a2762bf075d5,playstation.flights,available,,,high,low,11,,,,
53f319e6-963e-4151-b8af-7e0fa640fda9,bearable.flights,available,23.98,75.98,medium,low,8,namecheap,,,09/08/2026 04:27
8de4dcc1-2ff5-4690-a009-886b9c5c09b9,nowhere.flights,available,58.99,58.99,high,low,7,namesilo,,,
e6ba8731-10bf-4b29-8377-2f2c9982eee8,acinous.flights,available,23.98,75.98,medium,low,7,namecheap,,,
56da3167-0133-4213-a9ee-9f1c61c5030a,auric.flights,available,23.98,75.98,medium,low,5,namecheap,,,07/08/2026 17:36
4995a808-aa2d-4818-8593-88e821e0b973,sciences.flights,available,58.99,58.99,medium,low,8,namesilo,,,
89e460dd-8329-47b8-84bd-a680fe636486,terms.flights,available,58.99,58.99,high,low,5,namesilo,,,
a493c359-4354-4efe-a219-7c0963a2349a,amatory.flights,available,23.98,75.98,high,low,7,namecheap,,,
775a47db-be60-4c5a-9cff-d384d0121160,clustered.flights,available,23.98,75.98,high,low,9,namecheap,,,
6832c509-8e89-47f8-ac24-89e6b5a7a86d,fourth.flights,available,23.98,75.98,high,low,6,namecheap,,,
0d147d1a-5584-4ed0-be2a-3b7b0b16dde2,granddaughter.flights,available,58.99,58.99,high,low,13,namesilo,,,
78b58f5f-35e8-40ff-a6c9-b90522b9f052,scream.flights,available,58.99,58.99,high,low,6,namesilo,,,
990171cf-0d31-491a-a0dd-d55eebb6aeaf,march.flights,available,,,high,low,5,,,,
beebe1b6-94cc-4c88-8aa1-fed38dff1fa2,cali.flights,premium,118.8,118.8,high,low,4,namesilo,,,
9377381b-8ce1-4d70-8e53-a380ed19cff5,documents.flights,available,58.99,58.99,high,low,9,namesilo,,,
7acfdbea-81e5-447e-878b-90d10265cc28,nettlesome.flights,available,23.98,75.98,medium,low,10,namecheap,,,
bdf8f6d5-ed9a-4f0d-8ae0-0d5c2cacb5b5,whatnot.flights,available,58.99,58.99,high,low,8,namesilo,,,
0b6d8285-53f8-4174-8b74-28b889dfb6ca,worthwhile.flights,available,58.99,58.99,high,low,10,namesilo,,,
c14bba49-5358-4aa2-810a-68e0a5fe464a,monstrous.flights,available,23.98,75.98,medium,low,9,namecheap,,,07/08/2026 14:47
b1dbf5f2-5dea-4079-b17f-05b12540b095,communicate.flights,available,58.99,58.99,high,low,11,namesilo,,,
63bd8e08-1d73-4bc6-8916-e11011fe33ba,ratter.flights,available,23.98,75.98,low,low,6,namecheap,,,06/08/2026 04:00
499286a1-50df-433b-b953-89a3f4ea3659,publicized.flights,available,58.99,58.99,high,low,10,namesilo,,,
15569ad3-a453-408f-9154-fdafe7c636c8,maternal.flights,available,58.99,58.99,high,low,8,namesilo,,,
70f29cd5-caf0-405b-9ddd-0fa85537d86f,bulb.flights,available,58.99,58.99,high,low,4,namesilo,,,
899bab88-afa1-43d4-8764-49b183524a61,fiercely.flights,available,58.99,58.99,medium,low,8,namesilo,,,
ad718b8a-0b71-4168-83f1-c0880a2bbfac,according.flights,available,23.98,75.98,high,low,9,namecheap,,,
d2ae14fe-67db-4946-8461-7bef0261b632,interact.flights,available,58.99,58.99,high,low,8,namesilo,,,
330f7981-83cd-467e-8bc2-375a6ad23b6b,redemption.flights,available,58.99,58.99,high,low,10,namesilo,,,
ad52ec86-bb2e-4210-994c-e05b933ec3d6,canal.flights,available,58.99,58.99,high,low,5,namesilo,,,
9e2c1b87-4b54-409c-a8d5-8b9fe047b384,speedup.flights,available,58.99,58.99,high,low,8,namesilo,,,
e3dd4a8e-07e9-44f4-8d1f-e90cbf0d26b0,alate.flights,available,23.98,75.98,high,low,5,namecheap,,,
6aaa4450-7873-4bdd-a9fe-2af27178b8ba,their.flights,available,58.99,58.99,high,low,5,namesilo,,,
3e2b2c5d-f129-4291-86c1-0f9ba63a390a,sevener.flights,available,23.98,75.98,medium,low,7,namecheap,,,
35a3d32a-481f-41b2-8afc-36ab093af3a2,prehensile.flights,available,23.98,75.98,medium,low,10,namecheap,,,07/08/2026 22:14
aaa4cf5a-925e-405b-97a1-2c52177d4f98,generators.flights,available,58.99,58.99,medium,low,10,namesilo,,,
d0e7b52f-dc3b-48af-8174-86ddaff30113,condolences.flights,available,58.99,58.99,high,low,11,namesilo,,,
1e0cb18c-b33b-48d9-9986-e4c0ab18fdd3,purpose.flights,available,58.99,58.99,high,low,7,namesilo,,,
a124d1eb-0822-490b-9d44-7efca7c72e26,paste.flights,available,59.99,,high,low,5,name.com,,,
4c2bce6e-5929-4171-85e0-5ac0253119ba,lithuania.flights,available,,,high,low,9,,,,
d1fdc476-68ca-45cb-8198-d6571891da5a,confide.flights,available,58.99,58.99,high,low,7,namesilo,,,
07729b1e-9c0e-4198-afa7-7fbdb376ab84,sympathy.flights,available,58.99,58.99,high,low,8,namesilo,,,
6cc7d0b8-95e7-43a6-9a52-91e7861b0668,workfare.flights,available,58.99,58.99,high,low,8,namesilo,,,
5e7b76c6-3ec0-4c36-a0ef-25af0bffaaf0,sun.flights,available,58.99,58.99,high,medium,3,namesilo,,,
91d64595-d7fb-46a8-a5da-6ebc7a7c3d6a,aeronautic.flights,available,23.98,75.98,high,low,10,namecheap,,,
00de809d-c624-4e1d-8e61-a3bcff4077de,migrate.flights,available,58.99,58.99,high,low,7,namesilo,,,
3c621e08-5006-4dae-887f-5b927e222320,oxygen.flights,available,58.99,58.99,high,low,6,namesilo,,,
1ed5d7a0-132b-4935-957a-7c61edd2d67f,mentor.flights,available,59.99,,high,low,6,name.com,,,
8382ed13-5869-4b6f-85de-80c1600e5b39,sudden.flights,available,58.99,58.99,high,low,6,namesilo,,,
f0c8832d-4bf4-4af4-8f95-f56b86e9c731,castellano.flights,available,58.99,58.99,medium,low,10,namesilo,,,
d16d23a3-64f4-4a14-9633-1b5c227a1b0c,press.flights,premium,118.8,118.8,high,low,5,namesilo,,,
71166f89-3c5a-42bb-8e89-6d8f73227bc3,bathroom.flights,available,58.99,58.99,high,low,8,namesilo,,,
d04be8ec-5c68-4dcd-8b75-014de25fec3a,seeds.flights,available,59.99,,high,low,5,name.com,,,
ceaab197-bb7f-4ae1-9fb6-ae4ac9f54f11,reunion.flights,available,58.99,58.99,high,medium,7,namesilo,,,
d4c0366f-672a-4648-afe6-e89abd217fc6,encouraging.flights,available,58.99,58.99,high,low,11,namesilo,,,
8306a8df-9105-4606-9f4f-25bf117b34de,try.flights,premium,242,242,high,low,3,namesilo,,,
11d4b8f6-3c3f-4c8c-8f08-8460fbce2ec6,diagonal.flights,available,23.98,75.98,medium,low,8,namecheap,,,07/08/2026 04:07
8031c29b-6c5c-4c2c-adc0-c17136f14270,same.flights,available,59.99,,high,low,4,name.com,,,
441b9f35-a697-475b-858d-2c6d48a98c7b,disclosure.flights,available,59.99,,high,low,10,name.com,,,
753cb7f5-8525-42b9-8450-4309f3132279,job.flights,premium,123.75,,high,low,3,name.com,,,
34d69e49-b0ed-4aa7-ad9d-a059f5def4e3,americas.flights,available,58.99,58.99,high,low,8,namesilo,,,
a7a67ec7-c276-42d4-9041-cbfd1cb2c6c3,chime.flights,available,58.99,58.99,high,low,5,namesilo,,,
088d7d93-7b1b-4d8a-9a14-e9ac2bfc6d6a,participant.flights,available,58.99,58.99,high,low,11,namesilo,,,
155118d5-6379-4fe8-a28b-2be19e2ca9af,microphone.flights,available,59.99,,high,low,10,name.com,,,
8876b0ff-e48a-439e-a31e-ab163f40fcc1,aft.flights,available,23.98,75.98,high,low,3,namecheap,,,
d919acfc-7580-49b7-a25e-8050ba7178bb,dominance.flights,available,58.99,58.99,high,low,9,namesilo,,,
27bc9e03-1f00-4abc-b135-6c28a625b855,hahaha.flights,available,59.99,,high,low,6,name.com,,,
0e651bc3-657f-4861-aca8-67fb7ab07071,younger.flights,available,58.99,58.99,high,low,7,namesilo,,,
bef6a9af-89a2-4625-a5f7-31d15ac3bc68,contact.flights,premium,500,,high,medium,7,name.com,,,
0efd5f27-1170-4eb1-962a-7c3fffc0e725,irons.flights,available,58.99,58.99,high,low,5,namesilo,,,
50827849-59de-4027-b918-8ff4bbd28c4d,thunder.flights,available,58.99,58.99,high,low,7,namesilo,,,
7be84fa7-a824-4fd8-9307-639911b47175,foreign.flights,available,23.98,75.98,high,low,7,namecheap,,,
e09b1dbf-d9b7-4b08-83dd-e7183d980bce,mouth.flights,available,23.98,75.98,high,low,5,namecheap,,,08/09/2026 03:51
9ab38604-bbe3-412e-a41a-aca5e34c00d8,choc.flights,available,58.99,58.99,high,low,4,namesilo,,,
a947c299-ab23-4dca-8f94-07c2ce61d247,cabbage.flights,available,59.99,,high,low,7,name.com,,,
dcc40584-d85e-465e-9f8e-1bdfd16601cb,sealed.flights,available,58.99,58.99,high,low,6,namesilo,,,
51799fed-c652-40b2-b057-ccd7d2a85759,chiliad.flights,available,23.98,75.98,high,low,7,namecheap,,,
1c485b34-9cbb-4044-883e-baccf0f0689b,muffin.flights,available,59.99,,high,low,6,name.com,,,
8c08d072-6562-406b-930a-6778270ff0e4,pies.flights,available,58.99,58.99,medium,low,4,namesilo,,,
025c6b77-6edc-4476-870c-f6b4ccd37c77,westcott.flights,available,58.99,58.99,medium,low,8,namesilo,,,
38dd4898-5f35-4691-ac96-6debe81fa871,steal.flights,available,58.99,58.99,high,low,5,namesilo,,,
eb392325-1241-4cb6-8899-393dc5a5a9bd,acold.flights,available,23.98,75.98,medium,low,5,namecheap,,,
4b63967d-0728-464b-bab2-916edc030257,racing.flights,available,58.99,58.99,high,low,6,namesilo,,,
2111c562-3fd1-42fd-8e51-e94eafe49dce,prototypic.flights,available,23.98,75.98,medium,low,10,namecheap,,,06/08/2026 15:42
dedac239-2d60-4323-9dcc-20b0837737ae,preview.flights,available,58.99,58.99,high,low,7,namesilo,,,
8e6c4b13-83ec-4679-9700-a414d82e07e0,review.flights,premium,520,520,high,medium,6,namecheap,,,
a0321d5f-616f-428e-a59d-b7f1ed0769b5,adhesive.flights,available,23.98,75.98,high,low,8,namecheap,,,
1c75d520-738d-4b11-8397-a7ae53330529,delighted.flights,available,23.98,75.98,high,low,9,namecheap,,,09/08/2026 10:01
bb9bb347-7b67-4476-b7c0-8f4bc0b0b9b3,melt.flights,available,58.99,58.99,high,low,4,namesilo,,,
95b2fc7a-ee3c-4b18-852f-29d4b750d4d6,balls.flights,available,58.99,58.99,high,low,5,namesilo,,,
566bd631-c0fb-4453-8550-53fd35c0caf2,measure.flights,available,58.99,58.99,high,low,7,namesilo,,,
1da7d434-d257-49d0-b6c6-8b6d1d0add65,courage.flights,available,59.99,,high,low,7,name.com,,,
c4149028-5e5a-4d46-9574-82978af2b56d,nebraska.flights,premium,118.8,118.8,high,low,8,namesilo,,,
ff380c75-e622-4b4a-ae6d-7346fc06e1a0,screenshot.flights,available,58.99,58.99,high,low,10,namesilo,,,
9ae69767-67e0-4dd8-a2e1-472892053d0d,artless.flights,available,23.98,75.98,high,low,7,namecheap,,,06/08/2026 23:47
3648e3f0-fe33-4919-98ce-37f2f4dd3e15,shame.flights,available,58.99,58.99,high,low,5,namesilo,,,
c73ea0e2-ed84-487c-b74a-51058542a42f,awheel.flights,available,23.98,75.98,medium,low,6,namecheap,,,08/08/2026 01:05
4b7fb070-3046-4c1d-a8ad-89394b27bff8,awol.flights,available,23.98,75.98,high,low,4,namecheap,,,08/08/2026 01:46
1ef116c6-7b67-489b-98ab-f095d24c509e,ruin.flights,available,23.98,75.98,high,low,4,namecheap,,,08/08/2026 13:39
77b95452-ee29-497c-8817-d1cbe93346b3,max.flights,available,58.99,58.99,high,medium,3,namesilo,,,
333a5dc3-3955-49ee-b1a2-4a04b555b6eb,conjunction.flights,available,58.99,58.99,high,low,11,namesilo,,,
f620cdb9-ac8f-42fa-8b63-dd5205c47479,sailor.flights,available,58.99,58.99,high,low,6,namesilo,,,
93b1d5d0-c9cb-4e7f-84a1-6908732a81c2,approval.flights,available,23.98,75.98,high,low,8,namecheap,,,08/09/2026 15:18
ad2a4dad-4463-4bf8-956d-6ed3a055cf39,fidgety.flights,available,23.98,75.98,high,low,7,namecheap,,,05/08/2026 20:32
930ea36f-1ed8-40c3-bae9-86394fc5d540,html.flights,available,58.99,58.99,high,low,4,namesilo,,,
4b2bd69f-9e73-42d2-8de1-5b610a56e3d2,nyt.flights,available,58.99,58.99,high,low,3,namesilo,,,
1860fbce-c67f-426c-b6b2-a7ed68af4a2f,buttonlike.flights,available,23.98,75.98,medium,low,10,namecheap,,,09/08/2026 03:39
cdba91cb-cc4a-4d86-8993-e8d68356bb3d,hurt.flights,available,58.99,58.99,high,low,4,namesilo,,,
724b0e30-369c-4be5-977f-59051254e6f9,hipaa.flights,available,58.99,58.99,high,low,5,namesilo,,,
23422d21-2424-4b1e-a39c-eaa76c348c4e,overflow.flights,available,58.99,58.99,high,low,8,namesilo,,,
a80b1aed-ef82-4fed-8b35-47ce87910693,mint.flights,available,,,high,low,4,,,,
99354ffd-4439-4778-b17a-bb0e2d43d16f,judges.flights,available,59.99,,high,low,6,name.com,,,
25713c56-e827-433f-a38d-8108f63057d3,converge.flights,available,58.99,58.99,high,low,8,namesilo,,,
4e4382be-f7a0-4422-afec-155cf02e5aad,ballistic.flights,available,23.98,75.98,high,low,9,namecheap,,,08/08/2026 10:31
7dcfa90d-2b4a-4c69-b033-f33295351d44,improve.flights,available,58.99,58.99,high,low,7,namesilo,,,
b6121ef7-35a7-4462-8df0-a53de73093e2,adenoid.flights,available,23.98,75.98,medium,low,7,namecheap,,,
c1e82ad1-480f-4c8d-86d1-5c26858741e9,leasing.flights,available,58.99,58.99,high,low,7,namesilo,,,
85ab7739-c544-4585-9cd5-dc0604d68194,panoptic.flights,available,23.98,75.98,medium,low,8,namecheap,,,
917168fe-ca27-4f6d-ae17-26eb599573e9,worst.flights,premium,58.99,58.99,high,low,5,namesilo,,,
cf11cbe9-6f17-471b-87fc-74fda2a54702,anuran.flights,available,23.98,75.98,medium,low,6,namecheap,,,05/08/2026 20:48
0490789b-ca14-4d8e-ba81-26a50e16f202,swing.flights,available,58.99,58.99,high,low,5,namesilo,,,
d4da9d87-913e-4a2c-8b93-b1ee27d969b5,charles.flights,available,58.99,58.99,high,low,7,namesilo,,,
c9dffb22-f67b-4a85-b951-412f77f9771f,diverted.flights,available,23.98,75.98,high,low,8,namecheap,,,
4135463a-f472-4fff-b58e-1466befa94a0,berlin.flights,premium,500,,high,low,6,name.com,,,
263533c3-2a1d-418a-9237-9ccb6719ca8e,guitar.flights,available,59.99,,high,low,6,name.com,,,
5b8dfce8-3215-4994-baaf-ea397af9d9cd,agnatic.flights,available,23.98,75.98,medium,low,7,namecheap,,,
e522bd4a-aeef-4654-af52-c0d09f3d736d,interpret.flights,available,58.99,58.99,high,low,9,namesilo,,,
ef708b5c-24a1-489c-8191-e7ab37720eb0,database.flights,available,59.99,,high,low,8,name.com,,,
5cfaf793-d909-4ae3-b027-b6e874eb55ea,standing.flights,available,58.99,58.99,high,low,8,namesilo,,,
f848d8af-7135-4ae5-96a3-68e4ec2be2f7,razor.flights,available,58.99,58.99,high,low,5,namesilo,,,
75c92690-eddc-4873-953b-e89ce5faab1b,valued.flights,available,58.99,58.99,high,low,6,namesilo,,,
d97341ab-e41f-4c92-b78f-81cf0cac138e,vegetable.flights,available,58.99,58.99,high,low,9,namesilo,,,
d964dc1b-b8c3-42f6-8ff9-4d31d231046b,separation.flights,available,58.99,58.99,high,low,10,namesilo,,,
e23b959f-8129-42cb-bc36-678aa2948c0e,corona.flights,available,,,high,low,6,,,,
6e4d41fa-a96b-4a02-86c1-0420be6c88fc,watching.flights,available,,,high,low,8,,,,
be5d8d2f-939b-4324-b0a5-1c878087912b,torturing.flights,available,23.98,75.98,medium,low,9,namecheap,,,
9468f758-8838-4beb-adbc-ef9d4249a3de,accretive.flights,available,23.98,75.98,medium,low,9,namecheap,,,
abafaa54-20ef-423b-adf7-af90268709f2,thing.flights,available,58.99,58.99,high,low,5,namesilo,,,
c840c026-5cf9-4599-b0ca-92bea2959ad2,bolster.flights,available,58.99,58.99,high,low,7,namesilo,,,
40b10b96-1b8a-403c-8e58-70a0e3121761,minuscule.flights,available,58.99,58.99,high,low,9,namesilo,,,
c6455e4c-e834-40ad-8d80-be226e5e9a8c,tillable.flights,available,23.98,75.98,medium,low,8,namecheap,,,06/08/2026 11:25
d9e0c955-d340-4c07-8783-11db2b34ec5e,came.flights,available,58.99,58.99,high,low,4,namesilo,,,
462cb8d4-dfbf-4fcf-98ec-08f9d8718f35,organized.flights,available,58.99,58.99,high,low,9,namesilo,,,
b92158b5-c28d-4dce-8f50-dd5a0531d168,vengeful.flights,available,59.99,,medium,low,8,name.com,,,
38f9d18e-1d8c-463b-b3ac-50c27205789d,pinging.flights,available,58.99,58.99,high,low,7,namesilo,,,
6a3bc663-60e1-406d-acf8-8c096de31d8a,merely.flights,available,58.99,58.99,high,low,6,namesilo,,,
5bcf9968-3bb0-4be1-8d56-47372bf2446e,supplies.flights,available,58.99,58.99,medium,low,8,namesilo,,,
61d97868-e13c-4753-986a-77ccc734ebb1,disneyland.flights,available,58.99,58.99,high,low,10,namesilo,,,
17267a39-eb79-4ebf-a90e-af296114fc6a,surprising.flights,available,58.99,58.99,high,low,10,namesilo,,,
4e6e6f53-493a-4b71-bc5e-417ccc307742,seasick.flights,available,23.98,75.98,high,low,7,namecheap,,,
d9febfc9-dec2-4edb-ab71-b23a7a7973ea,getting.flights,available,58.99,58.99,high,low,7,namesilo,,,
f742c1bc-0d6f-47af-b37a-4d5d81960046,skype.flights,available,,,high,low,5,,,,
b95630c9-fed6-479e-b3fd-bab82ee2b8e5,psychic.flights,available,58.99,58.99,high,low,7,namesilo,,,
b38ee0ca-82d3-40c9-87ac-32310dcc73fb,campaigner.flights,available,58.99,58.99,high,low,10,namesilo,,,
3c199981-b194-4f4f-9f91-9d284bfc6616,cerulean.flights,available,23.98,75.98,high,low,8,namecheap,,,08/08/2026 03:10
5425a97b-8ef9-44c2-bc42-1791181a9fb3,prison.flights,available,58.99,58.99,high,low,6,namesilo,,,
9e2b85d7-b512-44cc-993a-0d29bd858b95,chips.flights,available,58.99,58.99,high,low,5,namesilo,,,
4730a2ed-3b6c-4a85-9b37-acc2f57b84c5,critique.flights,available,59.99,,high,low,8,name.com,,,
e5569873-d42b-42f5-8cb8-e1af2c53a736,embrace.flights,available,58.99,58.99,high,low,7,namesilo,,,
aa033fe2-56bd-42f2-8bad-b3c4cf3c68be,everything.flights,available,58.99,58.99,high,medium,10,namesilo,,,
3cc3a77e-7ee4-46ae-9857-39684bea226f,dilute.flights,available,23.98,75.98,high,low,6,namecheap,,,
40c804b9-0024-497f-80db-97e8deb4c69f,wikimedia.flights,available,,,medium,low,9,,,,
4b546c92-4ee0-49e4-8a53-34a3d9104302,foursome.flights,available,23.98,75.98,high,low,8,namecheap,,,
8eb254a3-b65c-46c1-9911-387a52f493fc,island.flights,premium,242,242,high,low,6,namesilo,,,
8014ecb1-9ba5-486f-9289-4f9a38c498e5,shoeless.flights,available,23.98,75.98,medium,low,8,namecheap,,,08/08/2026 19:04
a410d53d-1529-4c02-bd7d-c5eb590e72f5,asiatic.flights,available,23.98,75.98,medium,low,7,namecheap,,,07/08/2026 02:29
508e7a73-e961-4395-8876-33dcbe33c2f5,salary.flights,available,58.99,58.99,high,low,6,namesilo,,,
c7d60eed-94d2-43b7-9806-bec28b210f5b,exhaustion.flights,available,59.99,,medium,low,10,name.com,,,
555d183b-c5f4-461d-a21d-107773d3335c,spherical.flights,available,23.98,75.98,high,low,9,namecheap,,,08/08/2026 10:21
63cf03aa-bb39-4da6-87c1-0e83a23cbed0,disciple.flights,available,23.98,75.98,high,low,8,namecheap,,,
4a1d8aa8-714c-49af-8565-4adbca5f93e2,bryan.flights,available,59.99,,high,low,5,name.com,,,
4e4274e2-bd3f-4e7b-98d4-6a94ffe140b5,too.flights,available,58.99,58.99,high,low,3,namesilo,,,
7f8bda32-a494-4cd9-acb5-feec5677e4ee,united.flights,resell,,,high,medium,6,"NameCheap, Inc.",08/12/2016 21:39,08/12/2026 21:39,
12faab90-3d59-408e-80df-1dcba36b89b5,ladder.flights,available,58.99,58.99,high,low,6,namesilo,,,
e14b8eda-baa9-459e-bb84-9b8d6c22c4cc,monetary.flights,available,58.99,58.99,high,low,8,namesilo,,,
bca475ea-6d04-43a3-9652-6c169c2b2ef5,whereby.flights,available,59.99,,medium,low,7,name.com,,,
27c82f5a-e677-460b-b49b-c4e919d16e15,pleased.flights,available,58.99,58.99,high,low,7,namesilo,,,
02921349-a062-4385-b333-f4db986205f1,matched.flights,available,58.99,58.99,high,low,7,namesilo,,,
3182c3d3-fa7e-41e8-94ff-772430529b32,message.flights,available,23.98,75.98,high,low,7,namecheap,,,08/09/2026 08:47
56deff19-19e4-4716-b795-b2366ab02390,numbers.flights,available,59.99,,high,low,7,name.com,,,
c4338983-e6c8-45d7-afe9-673633462a2a,valueable.flights,available,58.99,58.99,medium,low,9,namesilo,,,
7d6aaa27-9e8f-4250-8ae5-65d6086da5fb,beamish.flights,available,23.98,75.98,medium,low,7,namecheap,,,09/08/2026 04:08
c989976e-42bc-4503-880f-563a92867afa,export.flights,available,58.99,58.99,high,low,6,namesilo,,,
1b593048-ad59-49d5-8aca-73f94f342888,brain.flights,available,58.99,58.99,high,medium,5,namesilo,,,24/09/2026 08:28
6cf21a62-b14d-4f2f-9466-da16cdc0656d,noise.flights,available,58.99,58.99,high,low,5,namesilo,,,
c19374c1-0f01-4b15-95e0-af7efd9070e1,aching.flights,available,23.98,75.98,medium,low,6,namecheap,,,
58098e9f-3179-43b4-a8c0-e4ae9b067322,gaming.flights,available,58.99,58.99,high,low,6,namesilo,,,
5daa3aa2-d7f4-4217-b5df-5aa198984976,xxx.flights,available,23.98,75.98,high,medium,3,namecheap,,,
791506d0-0946-4149-a7ab-f7c051be9370,cassette.flights,available,58.99,58.99,high,low,8,namesilo,,,
4132a9dc-9615-4ece-bdff-73faf1a06708,superbly.flights,available,58.99,58.99,high,low,8,namesilo,,,
46c8df0b-8abc-4406-99ba-4222595eaf87,absurd.flights,available,23.98,75.98,high,low,6,namecheap,,,
057bdfc9-07d3-4bd3-9f32-38ecc6b6fc0d,male.flights,available,58.99,58.99,high,low,4,namesilo,,,
fbbf1901-e890-43c8-885a-2aecb50280c3,corn.flights,available,58.99,58.99,high,low,4,namesilo,,,
6dda4206-c25d-4343-b6e3-ce3c85d98395,phone.flights,premium,118.8,118.8,high,low,5,namesilo,,,
06894b0e-83ac-438d-925f-361b61c8d0d3,lowly.flights,available,23.98,75.98,medium,low,5,namecheap,,,08/08/2026 21:38
08677c6b-7aab-4ebd-a3e0-9915a3dbfd6b,bawdy.flights,available,23.98,75.98,medium,low,5,namecheap,,,09/08/2026 02:05
ed92958e-9162-4b97-99bd-20fab24355ea,asexual.flights,available,23.98,75.98,high,low,7,namecheap,,,07/08/2026 01:33
615e160f-27a4-4480-b35d-3ac560ed8275,aphoristic.flights,available,23.98,75.98,medium,low,10,namecheap,,,05/08/2026 23:31
229d3348-707f-4800-96f9-b9e6544e5aa1,juice.flights,available,58.99,58.99,high,low,5,namesilo,,,
e43b296d-764d-4354-9759-7964e532f4c9,policies.flights,available,23.98,75.98,medium,low,8,namecheap,,,04/09/2026 07:55
b572e960-b254-47b4-904e-62dc15a6fd43,criticise.flights,available,58.99,58.99,high,low,9,namesilo,,,
0b3c72ae-3684-4acc-b508-c63806abcf4f,becalmed.flights,available,23.98,75.98,medium,low,8,namecheap,,,09/08/2026 06:03
c6acbefe-2a32-402c-a4f8-f05869463620,attired.flights,available,23.98,75.98,medium,low,7,namecheap,,,06/08/2026 04:47
c33b3ddc-700e-4d6b-a200-0164cc3caaf4,shoplift.flights,available,58.99,58.99,medium,low,8,namesilo,,,
764971ca-b4b0-4829-aa6f-b0f1a9adc8f4,atrip.flights,available,23.98,75.98,medium,low,5,namecheap,,,07/08/2026 14:33
af35837c-2474-47a3-b362-2101fc04bdaf,monday.flights,premium,78.54,78.54,high,low,6,namesilo,,,
504a6884-d1af-4e5a-9a48-90c6cc08f2f6,pig.flights,available,59.99,,high,low,3,name.com,,,
a785af52-c968-4e3d-8d83-a78a328ed67d,mission.flights,available,58.99,58.99,high,medium,7,namesilo,,,
91a27596-4606-4690-9c9e-eccc6237749f,motivation.flights,available,58.99,58.99,high,low,10,namesilo,,,
791f51e3-3d6c-434b-8a9f-fdcfbacd5b60,argive.flights,available,23.98,75.98,high,low,6,namecheap,,,06/08/2026 18:27
adf453f3-1c0a-496c-b827-ee1c39664f9a,direction.flights,available,58.99,58.99,high,low,9,namesilo,,,
11a3015e-4299-48e5-b80b-8d9383086408,sevenup.flights,available,58.99,58.99,high,low,8,namesilo,,,
39bedfd8-779f-4654-915a-003ad35a6daf,trillionaire.flights,available,59.99,,high,low,12,name.com,,,
3f48eda0-1dab-4db7-baf6-ae0550e9883c,ataraxic.flights,available,23.98,75.98,medium,low,8,namecheap,,,07/08/2026 12:49
1ef38e05-2c49-43e7-b439-cc78829b03ec,third.flights,available,23.98,75.98,high,low,5,namecheap,,,
0eceee04-f96d-4dd9-a78e-32ac109aaa13,wonderfully.flights,available,58.99,58.99,high,low,11,namesilo,,,
f9d305c8-5b14-4cb7-855d-58bc8bfd244a,knew.flights,available,58.99,58.99,medium,low,4,namesilo,,,
625c8a2d-19a0-4da2-97e1-1aa52d03ae4f,lockbox.flights,available,58.99,58.99,high,low,7,namesilo,,,
d6fb8981-d73d-452f-9b0d-3faecc7f2250,singletree.flights,available,59.99,,medium,low,11,name.com,,,
c43f1e43-9362-4c37-856f-0f58e3d4f899,threesome.flights,available,23.98,75.98,high,low,9,namecheap,,,
5d85c819-5a99-4a08-8a35-36d703a7ab7f,daring.flights,available,23.98,75.98,high,low,6,namecheap,,,07/08/2026 21:39
e887db28-cd1b-4a97-8d27-388858dad225,affixal.flights,available,23.98,75.98,medium,low,7,namecheap,,,
c7fc4054-e247-44c6-b763-c66b95159367,bar.flights,premium,118.8,118.8,high,low,3,namesilo,,,
4327f9f4-b789-4af2-ae78-bbe6d849a04d,smiling.flights,available,58.99,58.99,high,low,7,namesilo,,,
d136a90a-e759-4eb8-b358-65e27274bf33,comprise.flights,available,58.99,58.99,high,low,8,namesilo,,,
34ba940b-bdbe-4a18-8826-24e5f8f032ec,perhaps.flights,available,59.99,,high,low,7,name.com,,,
0de2a407-451e-4989-b3b8-26b8d116947a,saving.flights,available,59.99,,high,low,6,name.com,,,
7fc0fea9-cf97-4689-87f4-4a31c3f0c395,axiomatic.flights,available,23.98,75.98,high,low,9,namecheap,,,05/08/2026 23:27
54c7dd67-4c97-4c5f-bf32-03a3e69aa5ad,ignite.flights,available,58.99,58.99,high,low,6,namesilo,,,
de31f24e-6c98-4662-89f4-1c08420a1274,steel.flights,available,58.99,58.99,high,low,5,namesilo,,,
e944cb0a-bb59-4ae2-8f80-bcd04b9cf51a,fanny.flights,available,23.98,75.98,medium,low,5,namecheap,,,09/08/2026 12:00
b083f816-6c1e-4b47-b3b0-eb4308cf9055,albanian.flights,available,23.98,75.98,high,low,8,namecheap,,,
65316597-70a4-4158-8e8d-8a5d5f87fed1,aphonic.flights,available,23.98,75.98,medium,low,7,namecheap,,,05/08/2026 23:17
ec98ca69-d6ac-40af-8ce7-2b74db1b039c,accused.flights,available,58.99,58.99,high,low,7,namesilo,,,
8aadc682-1691-45f2-97bc-5b9881afeed8,doctor.flights,premium,242,242,high,low,6,namesilo,,,
d7bcf8d0-e31a-4afa-a074-3723cff984a3,chanukah.flights,available,58.99,58.99,high,low,8,namesilo,,,
7853fd7c-7695-4736-afe7-1e094fb06b27,identical.flights,available,58.99,58.99,high,low,9,namesilo,,,
3e26539b-41a5-4218-acf6-36a01dae362b,eclipse.flights,available,58.99,58.99,high,low,7,namesilo,,,
6ac4e0be-e5cf-4b09-83e6-71f73231c553,bargain.flights,premium,500,,high,low,7,name.com,,,
7e12e30a-2955-4cea-b4f3-738d297e109a,saddle.flights,available,58.99,58.99,high,low,6,namesilo,,,
7ba9a4c6-8204-459e-a04d-96d4706e0026,qualification.flights,available,58.99,58.99,high,low,13,namesilo,,,
43ad93e0-7b02-42c9-a3a5-47011d3544c1,advantage.flights,available,58.99,58.99,high,low,9,namesilo,,,
942f98f6-89e1-4816-9325-bf27cbb187cf,baffling.flights,available,23.98,75.98,medium,low,8,namecheap,,,08/08/2026 08:02
c98e974a-1e6c-4454-b64c-b69cd51ae561,attenuate.flights,available,23.98,75.98,medium,low,9,namecheap,,,07/08/2026 15:21
b301fa81-653b-497c-b90c-4cf263bf8a3b,apical.flights,available,23.98,75.98,high,low,6,namecheap,,,05/08/2026 23:58
07acaaea-8508-4cc6-86d3-28cc16f83612,alpine.flights,available,,,high,low,6,,,,
dd189888-7018-417e-9bf9-e5ec54f0bb1a,android.flights,available,,,high,medium,7,,,,
880c9333-67f4-4b20-bd4d-3d975113d386,airtight.flights,available,23.98,75.98,high,low,8,namecheap,,,
8b728e15-6113-4358-8d34-8e7c8f789a75,adulterate.flights,available,23.98,75.98,medium,low,10,namecheap,,,
ad9053ad-0483-4467-aec4-548d039d5cc5,buttocks.flights,available,23.98,75.98,medium,low,8,namecheap,,,09/08/2026 10:25
3ea4a34f-6c69-4acf-a86d-887d33717fc8,wishing.flights,available,58.99,58.99,high,low,7,namesilo,,,
623b71b5-945c-4c28-b616-019a640e921d,steam.flights,available,59.99,,high,medium,5,name.com,,,
8f358c8d-8bd3-464c-861c-569decd07634,stands.flights,available,58.99,58.99,medium,low,6,namesilo,,,
054a0ae7-0bb1-4859-9736-42511ab12858,indorse.flights,available,23.98,75.98,medium,low,7,namecheap,,,08/08/2026 05:17
68618577-b5f6-46ab-9723-a5dd37caa0a3,volleyball.flights,available,58.99,58.99,high,low,10,namesilo,,,
7e1d8ae1-ad81-4bc1-bf92-cedbe2c72687,remover.flights,available,58.99,58.99,high,low,7,namesilo,,,
ab0e8499-8256-45e8-ac8f-9fd0a015f630,hangout.flights,premium,118.8,118.8,high,low,8,namesilo,,,
1ce4f2fe-abe6-4fde-94c7-85d7a368c914,autarkic.flights,available,23.98,75.98,medium,low,8,namecheap,,,07/08/2026 18:47
8521ccb1-3b20-44af-a721-195a5286a7ff,exposure.flights,available,23.98,75.98,high,low,8,namecheap,,,08/09/2026 13:44
6c634cba-1bc9-43c6-a684-11ef5cbb81cd,globular.flights,available,23.98,75.98,high,low,8,namecheap,,,08/08/2026 10:06
71ed9a46-6edf-463b-9132-afb704ef96c3,adducent.flights,available,23.98,75.98,medium,low,8,namecheap,,,
e035165f-8942-41b4-86bc-4fa8c413cf3f,await.flights,available,58.99,58.99,high,low,5,namesilo,,,
551a4301-1ded-4979-97cf-0d3bccd6febf,iii.flights,available,23.98,75.98,high,low,3,namecheap,,,
73774f88-da17-4b19-b3f0-7241483f43e9,omnipotent.flights,available,23.98,75.98,high,low,10,namecheap,,,
9697e4ce-d641-4974-8479-a15f72cbc333,wholly.flights,available,23.98,75.98,high,low,6,namecheap,,,
d94b091e-ce99-4213-9e52-0e6620ba1ae4,quint.flights,available,23.98,75.98,medium,low,5,namecheap,,,
4c2d454a-e7ca-43b3-962c-d833e3a8aed6,mixing.flights,available,58.99,58.99,high,low,6,namesilo,,,
c182841f-c3d0-4be3-a2a8-c29b485610ad,sheet.flights,available,58.99,58.99,high,low,5,namesilo,,,
bcf8fbcd-6ada-4598-9a5d-aeadd38616d7,puzzled.flights,available,23.98,75.98,high,low,7,namecheap,,,07/08/2026 10:53
b72df1f2-84b5-4fff-b1cf-ca0ff89cfe95,beach.flights,premium,118.8,118.8,high,low,5,namesilo,,,
9852b8b1-9713-43f0-a6d6-cb7f3df71da8,prodigy.flights,available,58.99,58.99,high,low,7,namesilo,,,
feab0bc6-89a9-4dfd-bc3a-019e8a828807,azonal.flights,available,23.98,75.98,medium,low,6,namecheap,,,08/08/2026 02:27
ee6bfcc1-96a3-4a32-9955-7764f14ed7e3,analogical.flights,available,23.98,75.98,medium,low,10,namecheap,,,
280dff22-6745-4a25-af5a-611b54536fc1,oxfam.flights,available,58.99,58.99,high,low,5,namesilo,,,
f3e2ebf3-b85c-4b7f-a0e9-4d52c6d723a3,respecting.flights,available,59.99,,medium,low,10,name.com,,,
04116d2b-3cd6-4519-b733-77c2855ca6f3,articled.flights,available,23.98,75.98,medium,low,8,namecheap,,,06/08/2026 08:28
be506dcc-33db-48ef-939d-7dde0171f7a4,abuse.flights,premium,118.8,118.8,high,low,5,namesilo,,,08/09/2026 12:39
336ac332-009b-4eeb-9f9c-5acf9e58191c,diminutive.flights,available,23.98,75.98,high,low,10,namecheap,,,08/08/2026 14:10
59a034b2-2d36-436f-8c76-c8ff5db5cfe3,upstage.flights,available,23.98,75.98,high,low,7,namecheap,,,
8dd1ecc3-a0fe-48c1-9f82-243e556970f9,refundable.flights,available,58.99,58.99,high,low,10,namesilo,,,
6189605a-687e-4d6d-9019-260924aa9ebf,kilobyte.flights,available,58.99,58.99,high,low,8,namesilo,,,
4019b909-cea7-48c2-987d-43986fbeb33b,illegal.flights,available,58.99,58.99,high,low,7,namesilo,,,
dd49f106-949f-4e1e-b8a7-90fd178a9acd,waterless.flights,available,23.98,75.98,medium,low,9,namecheap,,,06/08/2026 19:03
b52d98b4-3d50-4b3d-804d-c451bbbecb18,hbo.flights,available,,,high,low,3,,,,
6bf68322-e108-4ae4-857d-a0fca1720aea,adrift.flights,available,23.98,75.98,high,low,6,namecheap,,,
485859a6-0083-466c-9ddb-76188e511d3f,abundantly.flights,available,58.99,58.99,high,low,10,namesilo,,,
c562c0da-64d8-488a-b571-b542074b9d6b,depend.flights,available,58.99,58.99,high,low,6,namesilo,,,
2f0a333d-e98a-4da6-86f9-f904df260dfc,rainbow.flights,available,58.99,58.99,high,medium,7,namesilo,,,
76555d8e-4f91-4711-8834-224df44b6a7d,tin.flights,available,58.99,58.99,high,low,3,namesilo,,,
14cd6c0f-5e90-48a7-a3f5-5db66d28a7b0,catch.flights,available,58.99,58.99,high,low,5,namesilo,,,
9054b5af-ee0d-4403-81eb-16a60c60cdeb,substantial.flights,available,58.99,58.99,high,low,11,namesilo,,,
3dbce56f-fb4f-4239-8699-fb4b3d7ad1b1,courtroom.flights,available,58.99,58.99,high,low,9,namesilo,,,
1425481b-9d57-4a27-bdeb-ca6541dcd51f,relate.flights,available,23.98,75.98,high,low,6,namecheap,,,07/08/2026 07:03
6d92aa45-76c9-41a7-9673-9fa1d909f5ee,eolotropic.flights,available,23.98,75.98,medium,low,10,namecheap,,,
87e6178b-305c-4b95-bc62-158faae9afa2,blowout.flights,available,59.99,,high,low,7,name.com,,,
e5d36ea4-9ab1-4879-b9d5-9d74cd7051b4,clerk.flights,available,58.99,58.99,high,low,5,namesilo,,,
d39d7b47-731b-4ff2-9cba-d6b43e1f042f,interesting.flights,available,58.99,58.99,high,low,11,namesilo,,,
091c363a-1df9-4322-9a6f-1c5f16cbf5dc,waiter.flights,available,58.99,58.99,high,low,6,namesilo,,,
1e92578d-c42b-477c-864f-a7427a971c3f,occurring.flights,available,58.99,58.99,high,low,9,namesilo,,,
38223143-c12f-4db0-8a70-c72276930fab,diner.flights,available,58.99,58.99,high,low,5,namesilo,,,
ede837f3-f377-45f9-8605-b16bc870e859,dick.flights,available,58.99,58.99,high,low,4,namesilo,,,
41b3b158-cc57-45dc-9832-fba27885b2b8,aimless.flights,available,23.98,75.98,medium,low,7,namecheap,,,
f4f80950-10e9-4d3f-b7c9-8daf99f541d0,talent.flights,available,58.99,58.99,high,medium,6,namesilo,,,
a64557ef-8349-4560-9195-b6db4a41db6b,lxx.flights,available,23.98,75.98,medium,low,3,namecheap,,,
ee0608fa-9811-4e9a-b94b-dc4ac3a642df,terzetto.flights,available,23.98,75.98,medium,low,8,namecheap,,,
a3a71e48-0e5c-4b51-bcde-a718be1bc30c,shooting.flights,available,58.99,58.99,high,low,8,namesilo,,,
34a1296b-8852-4488-afb0-d4916032c118,suv.flights,available,58.99,58.99,high,low,3,namesilo,,,
cb5de2e3-c733-4a5a-8b08-9fe303cca307,alsatian.flights,available,23.98,75.98,high,low,8,namecheap,,,
439f97a7-d467-4fd3-83d8-3f2d8a524370,alated.flights,available,23.98,75.98,high,low,6,namecheap,,,
f80815d3-1092-4d5a-935d-1685cd7500d1,letters.flights,available,58.99,58.99,high,low,7,namesilo,,,
e9dd6476-272a-4d9b-a8ef-cc7211611f75,wasteland.flights,available,23.98,75.98,medium,low,9,namecheap,,,08/08/2026 21:11
4fc1ff00-7c8d-47a6-9b36-c0759c3a035e,sam.flights,available,58.99,58.99,high,medium,3,namesilo,,,
48e30529-9e94-47ab-bcf8-a62e430f8c8d,coolly.flights,available,58.99,58.99,high,low,6,namesilo,,,
a1369607-5af1-4a6c-a2a0-fe92332e0a5b,achy.flights,available,23.98,75.98,medium,low,4,namecheap,,,
b0d02a54-fe88-4c95-b9d6-a01659f70e90,appear.flights,available,58.99,58.99,high,low,6,namesilo,,,
028cdb69-bfaf-4f6c-80f5-ad951d14c6d7,seated.flights,available,58.99,58.99,high,low,6,namesilo,,,
4a0cab27-d0bf-4648-9047-d389fa0eead9,informed.flights,available,58.99,58.99,high,low,8,namesilo,,,
5f68186d-c0fa-4e0c-b7c2-0e9a88c84fa9,sat.flights,available,58.99,58.99,high,low,3,namesilo,,,
f847ec49-779d-4d5b-befa-11d371cc2c84,malaria.flights,available,58.99,58.99,high,low,7,namesilo,,,
1e26b3c9-a3a3-4832-b36c-313d69d14521,river.flights,available,58.99,58.99,high,low,5,namesilo,,,
1c991eba-2ba3-4da1-a460-8c902f969fda,much.flights,available,58.99,58.99,high,low,4,namesilo,,,
e0a897fb-5168-4d62-9e18-c4cafbdcdcb3,liv.flights,available,23.98,75.98,high,low,3,namecheap,,,
a69c7a27-748c-442c-baeb-c727b4c750a7,passionately.flights,available,58.99,58.99,high,low,12,namesilo,,,
9f9287c8-8a86-4901-a56a-44bda3d09029,obscure.flights,available,23.98,75.98,high,low,7,namecheap,,,05/08/2026 21:59
249723d3-3790-41ec-a2a8-b3de3fcf7e0f,guts.flights,available,59.99,,high,low,4,name.com,,,
90165ac0-2a8d-4c17-9271-c0fe9fe84318,thug.flights,available,58.99,58.99,high,low,4,namesilo,,,
b936bca2-760a-4f74-a8d3-1d57caf621d7,tweet.flights,available,58.99,58.99,high,low,5,namesilo,,,
17eca72c-29bc-4aa1-a092-21bd19e3ffb0,possibly.flights,available,59.99,,high,low,8,name.com,,,
ef8c1775-1b50-4ac5-9dc9-4719793a080d,grownup.flights,available,23.98,75.98,high,low,7,namecheap,,,
793677e8-2ca2-4d30-af03-c4ff20aa1dff,amorphous.flights,available,23.98,75.98,medium,low,9,namecheap,,,
9e8b8ba1-1b67-45a7-bbd8-522d4f86a2f2,there.flights,available,58.99,58.99,high,low,5,namesilo,,,
806f7271-1a8f-4c96-89a1-0a55d66f58cc,kinder.flights,premium,242,242,high,medium,6,namesilo,,,
db2fa50d-593e-4936-a0dd-3e504a1fef81,candidate.flights,available,58.99,58.99,high,low,9,namesilo,,,
ba0d22cf-5135-429a-a1a8-68a6a338d4a0,snow.flights,available,58.99,58.99,high,low,4,namesilo,,,
8ab79a90-805b-44f3-bbb6-f92b4978df7a,glossary.flights,available,59.99,,high,low,8,name.com,,,
b1bcaa61-dc78-4992-8a1c-750cb2a67720,traveled.flights,available,58.99,58.99,high,low,8,namesilo,,,
83c23b6c-65cb-405f-be73-729e85808153,gleaming.flights,available,23.98,75.98,high,low,8,namecheap,,,
ae49430a-6c2b-4e48-83b4-e5f71459dbba,phrases.flights,available,58.99,58.99,medium,low,7,namesilo,,,
7ecea6cb-401f-4f75-8fb4-22e70b3ecebb,bury.flights,available,58.99,58.99,high,low,4,namesilo,,,
10298dca-0d4c-4f67-a184-12e8485dd88c,instal.flights,available,58.99,58.99,high,low,6,namesilo,,,
f7f34fa3-4356-4b47-9b46-7398d124d9d0,jock.flights,available,58.99,58.99,high,low,4,namesilo,,,
3e0825a4-857f-4ee5-8c90-82076a7027b5,society.flights,available,58.99,58.99,high,low,7,namesilo,,,
3234179f-e264-4887-b5e3-86f5558e3c79,highschool.flights,available,58.99,58.99,high,low,10,namesilo,,,
62cbbb4d-73b3-4ef6-80c3-d1b4882edf83,parents.flights,available,58.99,58.99,high,low,7,namesilo,,,
0e1b405c-aa89-45ed-a844-f2ee51f03007,lose.flights,available,59.99,,medium,low,4,name.com,,,
409ac70c-ca0d-4f7b-b294-c1f0702769cb,recording.flights,available,58.99,58.99,high,low,9,namesilo,,,
d16de296-e87b-43b0-b697-7684fa33e5d3,arawak.flights,available,23.98,75.98,high,low,6,namecheap,,,06/08/2026 12:38
e3c8030f-6707-4b28-8b56-219586d2ed50,fiction.flights,available,58.99,58.99,high,low,7,namesilo,,,
fed459b3-489b-476f-bb89-f538d8b31d15,stairs.flights,available,58.99,58.99,high,low,6,namesilo,,,
dbaedaf8-8424-4959-80bb-679cbe62272e,barbed.flights,available,23.98,75.98,medium,low,6,namecheap,,,08/08/2026 16:36
ab5ab9df-e209-4e84-8e20-2b8d3078c909,convene.flights,available,58.99,58.99,high,low,7,namesilo,,,
a350991f-b425-482b-ae04-490369b04f28,tracked.flights,available,58.99,58.99,high,low,7,namesilo,,,
874d19f2-ae55-49bc-8c1f-a08e2d4013f4,lick.flights,available,58.99,58.99,high,low,4,namesilo,,,
b131bdb0-d784-485e-adab-a31fdd0078c2,topic.flights,available,58.99,58.99,high,low,5,namesilo,,,
46e0cf75-d1eb-4732-ae51-1d00f235cc2f,tons.flights,available,59.99,,high,low,4,name.com,,,
606e7b2f-2188-4a37-a529-2af2783f81f5,menu.flights,premium,128.7,128.7,high,low,4,namecheap,,,
dc5f9641-79c4-4b2a-8c26-aee537a4a4f9,parched.flights,available,23.98,75.98,medium,low,7,namecheap,,,
dd4bdd1b-54c6-4100-911d-f6ff8c7f47f4,factor.flights,available,59.99,,high,low,6,name.com,,,
1edd4909-e7cf-4ccf-aebe-fd0b6fbea232,azoic.flights,available,23.98,75.98,medium,low,5,namecheap,,,08/08/2026 02:22
fea9bbcb-89d3-4021-8267-558fb0c82ee1,arched.flights,available,23.98,75.98,medium,low,6,namecheap,,,06/08/2026 14:34
605a320f-0953-4e4d-8803-9376b19ca401,discussion.flights,available,58.99,58.99,high,low,10,namesilo,,,
be6b628b-8a78-4d9d-b604-538f023bb4a6,besides.flights,available,58.99,58.99,high,low,7,namesilo,,,
04b99c5a-f8ec-43be-9406-6d9eda811be0,acropetal.flights,available,23.98,75.98,medium,low,9,namecheap,,,
1420e771-ded3-45d3-ae18-5c74cdde53b6,prompting.flights,available,58.99,58.99,high,low,9,namesilo,,,
3fe2d5e4-848d-4231-b1ac-ec920ef02d97,annular.flights,available,,,medium,low,7,,,,
e9295846-ce9f-4ed9-ba50-390901badbc8,granting.flights,available,59.99,,high,low,8,name.com,,,
d52c47c8-5d0f-4540-810d-b8abeebfede0,grandma.flights,available,59.99,,high,low,7,name.com,,,
019407e2-de42-44af-ad0e-d7467341c4b4,hunger.flights,available,58.99,58.99,high,low,6,namesilo,,,
97b003ba-8ca9-495a-b1b9-d60eb4730e58,bbc.flights,available,,,high,low,3,,,,
c2224d8b-23a1-432a-a91f-48781a03dc19,psyche.flights,available,59.99,,high,low,6,name.com,,,
b4c1feff-9174-4769-9c87-ac6534845e2d,andalusian.flights,available,23.98,75.98,high,low,10,namecheap,,,
1d572e9f-f129-407e-bdbe-ee0047efcbf1,kit.flights,available,58.99,58.99,high,low,3,namesilo,,,
d4a783b7-bff1-465b-a383-80011e72a222,adviser.flights,available,58.99,58.99,high,low,7,namesilo,,,
6fe65733-8027-4886-acfd-f1d38333a682,lawyer.flights,premium,118.8,118.8,high,low,6,namesilo,,,
6f8ff95b-2c2e-41a7-94a1-473e824d5c82,liable.flights,available,58.99,58.99,high,low,6,namesilo,,,
35f031ac-c680-49cc-9c09-84021a963bfe,pride.flights,available,58.99,58.99,high,low,5,namesilo,,,
b6c6fd63-3f8b-4f49-b118-123271ee6173,mouse.flights,available,58.99,58.99,high,low,5,namesilo,,,
c9d70c21-f7e7-4d3f-9ed8-25a6b1b8d683,madrid.flights,premium,500,,high,low,6,name.com,,,
a51cfc87-093c-434b-b8ea-763261940eec,impact.flights,available,,,high,low,6,,,,
57ccd6f4-f267-44f0-a4ec-674c38023ef6,azo.flights,available,23.98,75.98,high,low,3,namecheap,,,08/08/2026 02:17
4086bef4-b2b2-4eae-91e9-c2f04df25ec3,reset.flights,available,,,high,low,5,,,,
7cca7657-1087-48ec-8adb-c7e3a62e19a2,seals.flights,available,58.99,58.99,high,low,5,namesilo,,,
f3f1b341-1e58-47a1-96ab-9edf01a62598,confess.flights,available,58.99,58.99,high,low,7,namesilo,,,
d5f0daee-5053-4aa0-b8c1-1e7b490489fb,massage.flights,available,59.99,,high,low,7,name.com,,,
cc73767b-1aad-46ea-a701-36aa581a02b4,quieter.flights,available,58.99,58.99,high,low,7,namesilo,,,
b2ad703a-91e4-4bb6-af4d-68148889e1c8,simplicity.flights,available,58.99,58.99,high,low,10,namesilo,,,
34097471-24d0-4f00-8970-92f819d3cfb9,notwithstanding.flights,available,58.99,58.99,medium,low,15,namesilo,,,
6a23f0d9-da80-483d-a428-16c8dedd229d,neglect.flights,available,58.99,58.99,high,low,7,namesilo,,,
27b30961-b4fb-4d92-8ce4-8408d079c427,dose.flights,available,58.99,58.99,high,low,4,namesilo,,,
3b076d7e-6ffc-4b50-80f0-19fd4122084a,bahrain.flights,available,,,high,low,7,,,,
1b4a9967-bbc8-42a1-91b6-5459673818c6,acidotic.flights,available,23.98,75.98,medium,low,8,namecheap,,,
015c96ab-85d0-41a6-b9df-b512f21b6e62,pentad.flights,available,23.98,75.98,medium,low,6,namecheap,,,
d316f2d7-19ff-4dae-89f3-1d743e2d38c9,outdated.flights,available,58.99,58.99,high,low,8,namesilo,,,
6055cf5f-9559-4e71-b86e-c1f59099a81b,prepare.flights,available,58.99,58.99,high,low,7,namesilo,,,
2ce8c5bd-0d34-48ff-a640-388ebb189a39,lucky.flights,available,58.99,58.99,high,medium,5,namesilo,,,
ddbdafcc-f900-4da7-bb7b-b2b0ec0698f2,strongly.flights,available,58.99,58.99,high,low,8,namesilo,,,
b7be4c49-8efd-430d-be73-10904c4e5820,humanlike.flights,available,23.98,75.98,medium,low,9,namecheap,,,
3e3f22ce-c591-451b-b9fa-48ae47f56113,doughnut.flights,available,58.99,58.99,high,low,8,namesilo,,,
cd4e77de-b10b-4ccb-970a-e9ecfd9343b2,pray.flights,available,58.99,58.99,high,low,4,namesilo,,,
a0c37628-7d8a-4b99-957e-bb545fc9baab,airplane.flights,premium,118.8,118.8,high,low,8,namesilo,,,
c578fe3e-c528-4600-b658-c55257a5d4f2,respiratory.flights,available,58.99,58.99,high,low,11,namesilo,,,
b12c17c8-7ffb-4587-8453-0343efb8b490,butter.flights,available,58.99,58.99,high,low,6,namesilo,,,
e6e6a1dd-7e35-4ca8-af44-d5ccd4409eab,grandson.flights,available,59.99,,high,low,8,name.com,,,
3b9e4d22-33aa-4471-8b87-e9e4caa12221,lan.flights,available,58.99,58.99,high,low,3,namesilo,,,
dd1d7bed-263b-4f0a-bd59-ff3fcf3aeea0,aramaic.flights,available,23.98,75.98,high,low,7,namecheap,,,06/08/2026 12:13
4ae8898e-d6e3-48b3-839d-57b675d9104f,fiery.flights,available,23.98,75.98,high,low,5,namecheap,,,06/08/2026 16:24
23266a57-887a-40bf-885e-df211080996c,law.flights,premium,128.7,128.7,high,medium,3,namecheap,,,
c4d107e4-5fd5-466a-8d94-1cc9220a0998,bogus.flights,available,23.98,75.98,medium,low,5,namecheap,,,08/08/2026 22:58
f5172c9a-da5f-4de3-97a4-d5c1cfe9b487,lxxxv.flights,available,23.98,75.98,medium,low,5,namecheap,,,
efe18674-f09c-460d-99bf-8d623ff253fd,sensational.flights,available,58.99,58.99,high,low,11,namesilo,,,
dac8ed79-eb9d-41e5-a1ce-6769ac960403,stage.flights,available,59.99,,high,medium,5,name.com,,,
ed7c147b-a488-4212-9caa-4bd394e33615,classroom.flights,available,58.99,58.99,high,low,9,namesilo,,,
c60419b6-8fe6-46c5-bd0c-fcef050ffc40,sundress.flights,available,59.99,,high,low,8,name.com,,,
92f25444-3cdb-4f7f-91a1-1ea3e80486f6,episode.flights,available,58.99,58.99,high,low,7,namesilo,,,
c3107f54-dbf4-4e96-9ac0-9b290c1ba1ad,proved.flights,available,58.99,58.99,high,low,6,namesilo,,,
f3e38803-bb87-4804-8920-8eda1bcb44f3,condone.flights,available,58.99,58.99,high,low,7,namesilo,,,
530016dd-e737-4a74-8c16-75d37bab368b,saved.flights,available,59.99,,high,low,5,name.com,,,
d5c021b8-383f-41ca-a188-b5cad1fd4512,luxembourg.flights,available,,,high,low,10,,,,
e82305ac-247d-4e3e-ad75-bb5c846d7afe,actress.flights,available,58.99,58.99,high,low,7,namesilo,,,
39cef85d-41fc-4fdc-b1e0-6b70a9b5945c,harm.flights,available,23.98,75.98,high,low,4,namecheap,,,08/09/2026 07:44
ce46f0bf-1599-4d5e-9ada-bd5af80a9d52,pivot.flights,available,58.99,58.99,high,low,5,namesilo,,,
d46d5b9b-097b-49e8-8116-eb0a94d2d538,upper.flights,available,58.99,58.99,high,low,5,namesilo,,,
490eafa2-853b-4d47-a506-34529ec0f7cd,inception.flights,available,58.99,58.99,high,low,9,namesilo,,,
538e1520-766d-40ee-bdb2-25f700c0e93f,wrist.flights,available,58.99,58.99,high,low,5,namesilo,,,
40573e58-6898-4848-9450-2da1da24146b,debased.flights,available,23.98,75.98,medium,low,7,namecheap,,,
653f0173-57d9-4d70-a972-77f72026c4a2,politely.flights,available,59.99,,high,low,8,name.com,,,
ce3a836c-5563-449c-bc77-f29c3b3a1103,xcvi.flights,available,23.98,75.98,medium,low,4,namecheap,,,
9eac48ed-c638-4fa9-9f05-9368acdf935a,stricken.flights,available,23.98,75.98,high,low,8,namecheap,,,
1a15c77f-a2ca-4517-bbd7-60d481d1de0d,instruct.flights,available,59.99,,high,low,8,name.com,,,
bc1ee189-c6ad-4129-872c-2ab53f508f53,tours.flights,premium,118.8,118.8,high,low,5,namesilo,,,
f2e9a0ad-493f-45cf-8e5e-20591c0fde96,banned.flights,available,23.98,75.98,medium,low,6,namecheap,,,08/08/2026 13:44
ca580458-75b0-4e2b-bf18-56e7c85e0da8,seat.flights,premium,118.8,118.8,medium,low,4,namesilo,,,09/08/2026 11:32
7c23559b-0bf6-416d-86ae-e22e4a658083,worry.flights,available,58.99,58.99,high,low,5,namesilo,,,
40048ef1-8ffa-4eab-a1a9-c1772626b5bc,quintet.flights,available,23.98,75.98,high,low,7,namecheap,,,
a051acb1-ce65-41dc-b491-77f0b61783bf,avestan.flights,available,23.98,75.98,medium,low,7,namecheap,,,07/08/2026 23:07
acd8bae2-f86b-406e-ba29-b87fd9cec1d6,happiness.flights,available,58.99,58.99,high,low,9,namesilo,,,
006440fe-67ac-4f22-87fd-c6b16c0a957d,desolate.flights,available,23.98,75.98,medium,low,8,namecheap,,,08/08/2026 21:07
0c855d78-4f53-4904-b7dc-45c1e9d7d2c8,deserter.flights,available,23.98,75.98,medium,low,8,namecheap,,,06/08/2026 03:40
e35572b7-aa9c-4d1a-b3c7-e490588a8c1b,printable.flights,available,58.99,58.99,high,low,9,namesilo,,,
7925cfa5-6063-4783-a429-8dec5418eceb,influential.flights,available,23.98,75.98,high,low,11,namecheap,,,08/09/2026 05:20
456465ae-d173-4f3f-9c84-187419db2b33,instead.flights,available,58.99,58.99,high,low,7,namesilo,,,
ea9eef08-a1c2-4cdf-ba57-6e26b8528bdb,montreal.flights,premium,123.75,,high,low,8,name.com,,,
6f59cfb6-f9bd-4776-baed-7d6b71925b37,aflutter.flights,available,23.98,75.98,medium,low,8,namecheap,,,
f168658f-6819-493b-a82f-ad3e734249ac,geometry.flights,available,59.99,,high,low,8,name.com,,,
cf5bb017-7fe8-4b47-8714-274c5cba8901,else.flights,available,58.99,58.99,high,low,4,namesilo,,,
0afc1dbb-256a-4feb-8778-91a9df735267,admissible.flights,available,23.98,75.98,high,low,10,namecheap,,,
8d035b29-2362-47a9-a94b-9138b944853e,vivid.flights,available,58.99,58.99,high,low,5,namesilo,,,
919cd11a-8c42-4d6b-af88-4aa41b4ec5b2,googler.flights,available,59.99,,high,low,7,name.com,,,
3c995f56-d81a-47b5-ba11-06b7517123b8,scented.flights,available,58.99,58.99,high,low,7,namesilo,,,
c0f9051f-48db-46d8-95c1-6584ec9690a0,multiplication.flights,available,58.99,58.99,medium,low,14,namesilo,,,
f11ca0f1-d5cb-4f4f-bf77-7d714573055a,agone.flights,available,23.98,75.98,medium,low,5,namecheap,,,
40b1cdf1-2053-4912-9f2b-ca050ab51451,justified.flights,available,58.99,58.99,high,low,9,namesilo,,,
2ae97a4b-3b91-4b69-beda-ad0e22e25fd5,innocence.flights,available,58.99,58.99,high,low,9,namesilo,,,
75b12826-8404-43bd-809d-2b9cec111bac,painful.flights,available,23.98,75.98,high,low,7,namecheap,,,
bd4b98d9-8a1c-4fa9-8ec7-de72f21fa2e9,deck.flights,available,59.99,,high,low,4,name.com,,,
e5378068-cfc1-412c-ae59-943e04f2a88e,baroque.flights,available,23.98,75.98,high,low,7,namecheap,,,08/08/2026 20:26
65f0555d-e4d0-4aea-9a4e-624ecdf6b038,powers.flights,available,58.99,58.99,high,low,6,namesilo,,,
e0b95fdc-cbfe-4a9e-bb75-9bf46bc6405e,europe.flights,premium,242,242,high,low,6,namesilo,,,
c851befd-bdcd-41cc-bd50-8c450aa334b8,sawtooth.flights,available,58.99,58.99,medium,low,9,namesilo,,,
198bae5d-6a68-44dc-808b-7d0a5f939371,iso.flights,available,,,high,low,3,,,,
f90dd3ff-4295-4cd4-a81e-688b19dd3c49,acquirable.flights,available,23.98,75.98,medium,low,10,namecheap,,,
8c21eb53-af1e-49a8-829d-205f55836527,retrieve.flights,available,58.99,58.99,high,low,8,namesilo,,,
6e343b31-e4d3-4569-b6ef-299b7fba16cc,extinction.flights,available,58.99,58.99,high,low,10,namesilo,,,
01c18373-156e-4404-94cc-2d781908aba3,latitude.flights,available,58.99,58.99,high,low,8,namesilo,,,
eb896371-86cc-4a5a-9505-3a33887a3893,train.flights,available,58.99,58.99,high,low,5,namesilo,,,
4224c7ea-5b74-4a4f-a741-9c18f5334062,absolutist.flights,available,23.98,75.98,high,low,10,namecheap,,,
9c9c325c-8eca-44bc-bc96-dc8eb03684ed,prioritize.flights,available,58.99,58.99,high,low,10,namesilo,,,
76c2fec9-0eb0-4e38-8e60-d156603ecff3,amiss.flights,available,23.98,75.98,high,low,5,namecheap,,,
4dc1fdf2-59fc-45ab-b417-bcf0e4a62480,said.flights,available,58.99,58.99,high,low,4,namesilo,,,
276ef035-2dca-4ec0-b961-87d21ccd682d,analgesic.flights,available,23.98,75.98,high,low,9,namecheap,,,
0876c868-d88c-42d6-8d63-da04ba5f9d35,argentine.flights,available,,,high,low,9,,,,
d7b8774c-9693-49fc-9f29-15f40b80aa09,boer.flights,premium,78.54,78.54,high,low,4,namesilo,,,
6bd6cd4e-ef12-4a61-8425-3f9a35b8af88,bantu.flights,available,23.98,75.98,medium,low,5,namecheap,,,08/08/2026 14:50
c6111be8-7b73-489f-8d2e-a398bb3b6f15,penny.flights,available,,,high,low,5,,,,
86a313cf-e0a8-49c5-a5e6-8518521041c3,needing.flights,available,58.99,58.99,high,low,7,namesilo,,,
de27bc27-695e-4a45-bab6-4bb1d6947106,spiny.flights,available,23.98,75.98,medium,low,5,namecheap,,,08/08/2026 17:49
1e69b255-d034-4f78-843d-f00651391f7c,tangle.flights,available,58.99,58.99,high,low,6,namesilo,,,
b0c19efe-3062-48b6-8b01-916c34e7245a,pipe.flights,available,58.99,58.99,high,low,4,namesilo,,,
b9791c5c-5a1c-4ef0-a719-5a22919ec1c0,sanative.flights,available,23.98,75.98,medium,low,8,namecheap,,,
e57c0ef1-0814-43aa-99df-fbf6cce66928,know.flights,available,58.99,58.99,high,low,4,namesilo,,,
3fc82e57-d830-46b9-a4d0-ecf52ddc4820,macedonia.flights,available,59.99,,high,medium,9,name.com,,,
8deac33b-3be0-4742-bd5b-9b79499acfd0,rock.flights,available,58.99,58.99,high,low,4,namesilo,,,
1c6bd3ce-05db-4a7c-aa03-989ed0314db7,verbal.flights,available,58.99,58.99,high,low,6,namesilo,,,
c4ce2a64-2a72-4f58-801c-cb2cccdf7ecb,hear.flights,available,58.99,58.99,high,low,4,namesilo,,,
c35f74e4-d907-4c9d-8363-acc95e710c6a,normandy.flights,available,58.99,58.99,high,low,8,namesilo,,,
b462e184-6d68-4350-a2c4-2318efe88b7e,brook.flights,available,59.99,,high,low,5,name.com,,,
1d517534-e781-4160-ace1-ef58e193d223,andean.flights,available,23.98,75.98,high,low,6,namecheap,,,
722f3601-3189-40f6-9a5d-c92b6bbd47ce,january.flights,premium,78.54,78.54,high,low,7,namesilo,,,
8d4656d3-69b5-428b-a738-75148f456c41,event.flights,available,58.99,58.99,high,medium,5,namesilo,,,
4349b798-cc5b-4c5b-9ff7-00cbb30827df,adherent.flights,available,23.98,75.98,high,low,8,namecheap,,,
ceef8e43-0715-4cde-a31a-9c0b227daf8a,lookup.flights,premium,242,242,high,low,7,namesilo,,,
8847e322-1770-40b7-a642-4e4cd1ae9135,granddad.flights,available,59.99,,high,low,8,name.com,,,
1d431ff8-3a1f-4426-8100-5813df7e4b4f,original.flights,available,58.99,58.99,high,low,8,namesilo,,,
387ea13e-95b2-4581-94ae-3bee8d3212fb,privileged.flights,available,58.99,58.99,high,low,10,namesilo,,,
85339c8b-6a68-48f9-8070-bd9601e2c169,scripted.flights,available,58.99,58.99,high,low,8,namesilo,,,
839fbf81-5161-4b70-a1ac-20d90baa48cb,panda.flights,available,58.99,58.99,high,medium,5,namesilo,,,
4bf94f4b-9ef7-4614-b846-c67466ccdeae,thee.flights,available,58.99,58.99,high,low,4,namesilo,,,
22ee46b1-3594-4bd8-90ee-e739498c2e05,fairy.flights,available,58.99,58.99,high,low,5,namesilo,,,
5d85f043-1801-40b2-aeec-e1be311c5172,chased.flights,available,58.99,58.99,high,low,6,namesilo,,,
d8e943d4-d833-4a73-b1e9-a8d5af2ece41,dracula.flights,available,58.99,58.99,high,low,7,namesilo,,,
f5119543-c876-445d-abc1-fffc69dc23f4,various.flights,available,58.99,58.99,high,low,7,namesilo,,,
79c95491-06a9-4b56-a0bb-c80c95ef2ea7,nor.flights,available,59.99,,high,low,3,name.com,,,
65d8c7c3-1cc7-41bd-ac33-3e0769fbf9bd,baked.flights,available,23.98,75.98,high,low,5,namecheap,,,
71759fda-401d-41fb-881e-9380e636d91c,couple.flights,available,58.99,58.99,high,low,6,namesilo,,,
d249abf4-3bc3-4917-af63-8dac53b85c62,anyone.flights,available,59.99,,high,low,6,name.com,,,
91575a30-c3be-4530-953f-cb089da1da33,mister.flights,available,59.99,,high,low,6,name.com,,,
6f312a56-f0c1-4258-adff-9297138c1625,pete.flights,available,58.99,58.99,high,low,4,namesilo,,,
98364ea7-a677-4d40-bcf1-4fc2d860c97d,accusation.flights,available,58.99,58.99,high,low,10,namesilo,,,
394d544d-2ed0-40e9-b48f-1dedb427e787,dye.flights,available,58.99,58.99,high,low,3,namesilo,,,
e35b679f-0337-4ff6-afb3-38dee99eb4b5,garage.flights,available,58.99,58.99,high,low,6,namesilo,,,
273f4cf5-a048-4e2a-bbfe-4bc3553695b9,from.flights,premium,118.8,118.8,high,low,4,namesilo,,,08/09/2026 08:57
319e9ba6-87c1-45ce-950e-63273a6cc0d2,mill.flights,available,58.99,58.99,high,low,4,namesilo,,,
e556dbbe-dbe5-4c24-ad38-e9dd3111633a,uppercase.flights,available,58.99,58.99,high,low,9,namesilo,,,
8d1b97a4-73ab-472b-a104-2c9aaf8dcb0a,coverage.flights,available,58.99,58.99,high,low,8,namesilo,,,
a629ba62-6732-495a-9508-312a08f09270,leak.flights,available,58.99,58.99,high,low,4,namesilo,,,
9368c6ba-54fc-401d-bbcb-b636239eb3b8,slushy.flights,available,23.98,75.98,medium,low,6,namecheap,,,09/08/2026 01:25
72f9c901-51fe-4709-8637-835ec7fc9c87,restructuring.flights,available,58.99,58.99,high,low,13,namesilo,,,
cca308ac-99b3-4515-9465-9b9276e20389,america.flights,premium,118.8,118.8,high,low,7,namesilo,,,
98ab78f6-dd18-4ef4-9e46-5a59135906c3,greg.flights,available,58.99,58.99,high,low,4,namesilo,,,
6e7c57a4-eb8d-4134-87e4-0d1af70f7a37,voluntarily.flights,available,58.99,58.99,high,low,11,namesilo,,,
087d46a1-a8d6-4174-ae4c-797cd5ee2828,used.flights,available,58.99,58.99,high,low,4,namesilo,,,
6e62a5bf-3c34-48b4-9779-c613f2697a5e,feb.flights,available,58.99,58.99,high,low,3,namesilo,,,
59331bee-d30a-46c0-907e-929991bca9d6,quickness.flights,available,58.99,58.99,high,low,9,namesilo,,,
b68a908a-c820-4ba7-bc8f-9cdc4d1620ea,dive.flights,available,58.99,58.99,high,low,4,namesilo,,,
42bee500-a60b-45ba-863e-7819b9d31d12,salmon.flights,available,58.99,58.99,high,low,6,namesilo,,,
8d299a56-b256-4d3e-a744-f7478498df88,prolific.flights,available,58.99,58.99,high,low,8,namesilo,,,
d7114713-ba1e-4db7-ab69-d41355e424b7,virulent.flights,available,23.98,75.98,medium,low,8,namecheap,,,
ff877f2f-faa4-4a55-9f59-8115e2e374d7,assiduous.flights,available,23.98,75.98,medium,low,9,namecheap,,,07/08/2026 06:09
7f51adc9-b070-466e-98a4-45d23ea476fd,aboard.flights,available,58.99,58.99,high,low,6,namesilo,,,
7e1ea464-ddbb-4103-910e-1c8b584b4fdf,queens.flights,available,58.99,58.99,high,low,6,namesilo,,,
72c152d6-4b69-42f1-88a0-3aa1be50cf8f,avian.flights,available,23.98,75.98,high,low,5,namecheap,,,07/08/2026 23:17
8c58299b-e724-4504-8ce8-2c656a81807a,xcv.flights,available,23.98,75.98,medium,low,3,namecheap,,,
170d3297-120d-414d-bede-20bbce66dec2,aggravated.flights,available,23.98,75.98,high,low,10,namecheap,,,
965c4701-e4fb-4ef1-b14c-7cf183851da2,gal.flights,premium,242,242,high,low,3,namesilo,,,
b2a06472-6e8c-4ee2-8162-b050c683e47d,antonymous.flights,available,23.98,75.98,medium,low,10,namecheap,,,05/08/2026 20:16
a1a3d136-8b0e-4a96-b6d6-32853c17eeb3,loony.flights,available,23.98,75.98,high,low,5,namecheap,,,06/08/2026 21:17
f2e324ca-eefe-4723-8014-f1a1d8d828b6,assured.flights,available,23.98,75.98,high,low,7,namecheap,,,07/08/2026 08:21
c7b15caf-8d84-4e39-8eca-c166a7836dd7,almost.flights,available,58.99,58.99,high,low,6,namesilo,,,
ee09f9a8-391d-4e00-9145-b726ca2bbab0,bemused.flights,available,23.98,75.98,medium,low,7,namecheap,,,07/08/2026 11:47
4437a03a-0110-465f-b60e-ba212da4dd97,sausage.flights,available,58.99,58.99,high,low,7,namesilo,,,
7655d1d5-456e-4723-9024-341587f256b0,tierce.flights,available,23.98,75.98,medium,low,6,namecheap,,,
f7dac715-d54d-42aa-8f6d-6e4e3910253d,barbaric.flights,available,23.98,75.98,medium,low,8,namecheap,,,08/08/2026 15:31
eec45b04-8af0-4db3-a179-2e73e2001fdf,involved.flights,available,58.99,58.99,high,low,8,namesilo,,,
d3a4f93b-bf35-46e5-83ae-3191c1b575df,halloween.flights,available,58.99,58.99,high,low,9,namesilo,,,
6ac50117-2c61-4f70-8156-d9de6d946c6b,grandfather.flights,available,58.99,58.99,high,low,11,namesilo,,,
b05c4443-35fc-4792-97a2-c61e64231429,devour.flights,available,58.99,58.99,high,low,6,namesilo,,,
948feb05-f263-4666-8443-364735b898c4,tow.flights,available,58.99,58.99,high,low,3,namesilo,,,
331ea5e7-b157-4261-b2a9-1fc0cbfcd61e,employee.flights,available,58.99,58.99,high,low,8,namesilo,,,
f7063605-fb07-4bd2-aa29-00a7f66fc52b,striking.flights,available,58.99,58.99,high,low,8,namesilo,,,
13770249-c35b-46c8-a7e3-f49de6eb5fa6,abradant.flights,available,23.98,75.98,medium,low,8,namecheap,,,
5b07775e-f410-4ce2-85b1-aa4b8e6eb2bc,sued.flights,available,58.99,58.99,low,low,4,namesilo,,,
f66abadd-b434-4862-8059-0002c4188ef0,amidships.flights,available,23.98,75.98,high,low,9,namecheap,,,
64fd2669-25c6-4191-9f37-ff78e7322760,mania.flights,available,58.99,58.99,high,low,5,namesilo,,,
94f581d3-81f9-4d76-a0ff-b232a3bddf49,acherontic.flights,available,23.98,75.98,medium,low,10,namecheap,,,
5c29628c-3437-4729-a2ca-2c2e15c0bfe5,boards.flights,available,58.99,58.99,high,low,6,namesilo,,,
2c180985-dbb0-4d89-a479-c2d7986cef28,trey.flights,available,23.98,75.98,high,low,4,namecheap,,,
e5144e48-1fb1-48b3-82e6-c712b7215f11,appalling.flights,available,23.98,75.98,medium,low,9,namecheap,,,06/08/2026 04:31
22817a64-878a-439f-8c22-102aa16fdf05,heck.flights,available,58.99,58.99,high,low,4,namesilo,,,
a499cd12-7b4c-445d-919b-5d7c2778c5ed,roar.flights,available,58.99,58.99,high,low,4,namesilo,,,
0fd0f4a1-1e8d-4147-b9ff-4e637ffc1cb4,characteristics.flights,available,58.99,58.99,medium,low,15,namesilo,,,
0740071e-f591-4073-9fab-040cba30e8dd,burden.flights,available,58.99,58.99,medium,low,6,namesilo,,,
20b66a96-b594-47ce-9cf0-ca50c93360d0,continually.flights,available,58.99,58.99,high,low,11,namesilo,,,
c416d201-b11a-412c-86fa-bf7fb70476d7,note.flights,available,59.99,,high,low,4,name.com,,,
e7d6baec-861b-48c3-8139-b309008e5a84,preceding.flights,available,58.99,58.99,high,low,9,namesilo,,,
99ce2985-0133-4c95-951e-b9a43b2e823b,depress.flights,available,58.99,58.99,high,low,7,namesilo,,,
d5c4bc92-2094-4c8b-88f4-ea4b1db8b97a,becoming.flights,available,23.98,75.98,high,low,8,namecheap,,,09/08/2026 06:08
b36f3d42-b848-4670-9c1a-dbf157617e19,kansas.flights,premium,118.8,118.8,high,low,6,namesilo,,,
11d5076a-abde-4d6d-9eea-0a8f2ef41f42,corridor.flights,available,58.99,58.99,high,low,8,namesilo,,,
05d844b0-bf69-4c5f-a73e-ee49601f2f84,cameraman.flights,available,58.99,58.99,high,low,9,namesilo,,,
7406d834-f0c4-4cc2-813b-d12a43ae32c2,similarly.flights,available,59.99,,medium,low,9,name.com,,,
351422f1-0080-469d-8cc7-9deb0eab893d,witty.flights,available,58.99,58.99,high,low,5,namesilo,,,
e27756f7-cdba-4235-b5bc-ac4f7a1365e1,determine.flights,available,58.99,58.99,high,low,9,namesilo,,,
8afb18e5-3406-4510-b15f-647e94d07c0d,touchdown.flights,available,58.99,58.99,high,low,10,namesilo,,,
6df10115-6eba-48c9-bfcb-b53f24107d8b,hexad.flights,available,23.98,75.98,medium,low,5,namecheap,,,
950cbd81-f5d5-423b-b025-2f64d6354974,highway.flights,available,58.99,58.99,high,low,7,namesilo,,,
6ef7abd9-4015-4180-8e4a-8047013554f0,supplier.flights,available,58.99,58.99,high,low,8,namesilo,,,
e8395d18-3c43-483a-a654-5fe1221e2b76,understand.flights,available,58.99,58.99,high,low,10,namesilo,,,
31a4dab2-57a1-4b54-b4c1-011242d6509e,cameroon.flights,available,,,high,low,8,,,,
736be713-b703-484e-b0a0-0e6a82f0862a,situation.flights,available,58.99,58.99,high,low,9,namesilo,,,
075057ae-9e24-4e34-9259-af8808644b3c,those.flights,available,58.99,58.99,medium,low,5,namesilo,,,
91d9967f-1e58-41b5-94f9-0f6fae9e5efb,ascending.flights,available,23.98,75.98,high,low,9,namecheap,,,07/08/2026 00:51
b7e7ae9a-10fd-424f-8fe1-705c76c71856,precipitous.flights,available,58.99,58.99,medium,low,11,namesilo,,,
6ce52f46-a3e3-4dbb-979f-cef14ffe935e,invariably.flights,available,58.99,58.99,high,low,10,namesilo,,,
4d5844c0-a461-4ae0-a61e-39d2cf23e97a,info.flights,premium,500,,high,medium,4,name.com,,,
7c7547c5-fed7-4bac-b201-4363d45d3e18,antlered.flights,available,23.98,75.98,medium,low,8,namecheap,,,05/08/2026 20:11
a7e2d2d8-90f5-49bd-a4d0-0f4647ff93d9,terminating.flights,available,23.98,75.98,medium,low,11,namecheap,,,08/09/2026 14:51
2210ec8d-165a-4129-a630-b7b7aeafad3f,apocryphal.flights,available,23.98,75.98,medium,low,10,namecheap,,,06/08/2026 01:11
f73d336b-a232-4eeb-9f13-b26b77ba4302,industrialize.flights,available,58.99,58.99,medium,low,13,namesilo,,,
1e4a546b-0db5-4ef6-88ce-c71151265426,dog.flights,premium,123.75,,high,low,3,name.com,,,
08c0d111-3177-48fc-854b-f4ab6e2e7b1a,seem.flights,available,58.99,58.99,high,low,4,namesilo,,,
cf2154be-67b6-467c-8c4b-e08ce4f41ad0,whoever.flights,available,58.99,58.99,medium,low,7,namesilo,,,
e98f40f4-93ee-49c9-a190-737b8a30a843,tire.flights,available,58.99,58.99,high,low,4,namesilo,,,
e6563191-2cb0-4355-9543-666ae98b9cc6,overtime.flights,available,58.99,58.99,high,low,8,namesilo,,,
92d82257-d8bc-44f4-99bb-87577940f30d,documentation.flights,available,58.99,58.99,high,low,13,namesilo,,,
da62bc7c-8235-4e8f-8606-18524a32a3f3,since.flights,available,58.99,58.99,high,low,5,namesilo,,,
b55cfa23-8d8e-4a32-8bce-705659b1eb5a,nicole.flights,available,58.99,58.99,high,low,6,namesilo,,,
29eb6339-3c31-4303-a9a6-65a947122b84,scrub.flights,available,58.99,58.99,high,low,5,namesilo,,,
4aba2fea-f32b-490f-b901-53d64c9c9475,parenting.flights,available,58.99,58.99,high,low,9,namesilo,,,
0993c394-2215-4ee0-9142-8649cc16c1b3,antebellum.flights,available,23.98,75.98,medium,low,10,namecheap,,,
580df7ef-094a-4598-9bd4-7dd4d320c235,primitive.flights,available,58.99,58.99,high,low,9,namesilo,,,
05ce5e52-4100-4fc1-a947-92fdfd3c6150,may.flights,premium,123.75,,high,low,3,name.com,,,
b4955754-74c9-4139-9d25-5871a34d3615,stillborn.flights,available,23.98,75.98,high,low,9,namecheap,,,
ede5237c-e6fd-4eae-9099-6d31e636fcd1,bellicose.flights,available,23.98,75.98,low,low,9,namecheap,,,09/08/2026 01:44
635b2252-144e-4cd7-a75d-a265ca27e555,shouted.flights,available,58.99,58.99,high,low,7,namesilo,,,
80ea5451-1fe4-45e2-bec3-0d10377ea016,rigorous.flights,available,59.99,,high,low,8,name.com,,,
07504103-8c8c-4988-83bf-279ca5debb9b,made.flights,available,58.99,58.99,high,low,4,namesilo,,,
083846bc-fe07-481a-8748-d00904386ae2,shy.flights,available,58.99,58.99,high,low,3,namesilo,,,
d81868fe-6299-4ebc-be18-6eb1ae798ff0,employ.flights,available,23.98,75.98,high,low,6,namecheap,,,08/09/2026 13:39
37b840ba-603d-4ce8-a8fa-a93b8925aaa9,released.flights,available,58.99,58.99,medium,low,8,namesilo,,,
2b3b7ec3-7052-461a-a0ac-f9f7dc5134ea,personal.flights,premium,242,242,high,low,8,namesilo,,,08/09/2026 03:45
9d073d7d-31dd-4b05-923c-77aed93644ee,undergraduate.flights,available,58.99,58.99,high,low,13,namesilo,,,
759ebef1-1969-4e74-94ba-b1bde0dcf23d,medal.flights,available,58.99,58.99,high,low,5,namesilo,,,
414f37a2-35ef-408c-a1aa-3928b88ad444,renegade.flights,available,23.98,75.98,high,low,8,namecheap,,,06/08/2026 03:45
4ba83e0d-8956-4c40-b3d1-91e3cccb2810,unimportant.flights,available,58.99,58.99,medium,low,11,namesilo,,,
b5c35bf6-400d-4e4b-bec0-952bc959cfeb,yell.flights,available,58.99,58.99,high,low,4,namesilo,,,
28ec5dac-e703-4396-afa8-ac302f46edca,noticed.flights,available,58.99,58.99,high,low,7,namesilo,,,
10bd1975-ba7e-4a31-89c4-ccaa19077c09,yearbook.flights,available,58.99,58.99,high,low,8,namesilo,,,
f9d11f57-f49e-4553-9cdc-96dd5990a515,implying.flights,available,58.99,58.99,high,low,8,namesilo,,,
d1be862d-c077-4d62-859e-1b168c50414e,brow.flights,available,59.99,,high,low,4,name.com,,,
e9f1f2ca-cebd-4e6d-9c20-3ddf3f4d9b9a,boxers.flights,available,59.99,,high,low,6,name.com,,,
f40da0b8-a5d2-4680-ada1-bbc3f58ca4b8,newspaper.flights,available,58.99,58.99,high,low,9,namesilo,,,
92ba85c8-8586-4a86-aa62-952427b2e3d9,district.flights,available,58.99,58.99,high,low,8,namesilo,,,
97d955fe-da92-4b28-a2b7-e8ae2e8a9380,ive.flights,available,58.99,58.99,medium,low,3,namesilo,,,
75e118c5-f354-4120-820a-6236223af91b,amok.flights,available,23.98,75.98,high,low,4,namecheap,,,
c7d82dcc-4f90-47ce-90d7-bf0c8b771b8f,laura.flights,available,58.99,58.99,high,low,5,namesilo,,,
66d334f0-5b54-435c-adad-65bd5e786b2f,bucket.flights,available,58.99,58.99,high,low,6,namesilo,,,
2ff85f4e-c988-4b18-8fde-6c842008abc0,need.flights,premium,242,242,high,low,4,namesilo,,,
c11591bf-11b9-4bc5-bd9e-73e759a375a3,octet.flights,available,23.98,75.98,high,low,5,namecheap,,,
549e2444-edd1-4ace-83e4-5ce1034bb60e,seaside.flights,available,58.99,58.99,high,low,7,namesilo,,,
e03b5097-9111-4f1d-877b-d9d8b3671c68,alchemical.flights,available,23.98,75.98,medium,low,10,namecheap,,,
8fca02d8-1393-46fe-ac43-332d01d97853,usually.flights,available,58.99,58.99,high,low,7,namesilo,,,
814ffc04-3c98-48aa-9ec5-f61a5f01b3f1,giddy.flights,available,23.98,75.98,medium,low,5,namecheap,,,
bdcbbf81-1fa6-4136-8273-61df76852f24,knot.flights,available,58.99,58.99,high,low,4,namesilo,,,
b53acf43-ad8a-4f7d-951f-51b225080efb,xliv.flights,available,23.98,75.98,high,low,4,namecheap,,,
9d786208-f84b-41fd-a5eb-3968afae9256,olympics.flights,available,58.99,58.99,high,low,8,namesilo,,,
13c292c8-e99c-4ec4-957b-4749b6020639,koala.flights,available,58.99,58.99,high,low,5,namesilo,,,
bee4ac05-43bc-42ba-b5eb-a203dedd187f,furious.flights,available,23.98,75.98,high,low,7,namecheap,,,
c8e41971-6d8b-4814-8072-c1698a4113e4,tortured.flights,available,23.98,75.98,medium,low,8,namecheap,,,
7156937e-1141-4b8f-a2c1-7a56c6528eca,department.flights,available,58.99,58.99,high,low,10,namesilo,,,
40605cee-1ba0-4cb0-aba0-ea3070b57056,assumed.flights,available,23.98,75.98,medium,low,7,namecheap,,,07/08/2026 07:45
e904fbe5-8766-4cd1-a644-a026e683b716,acyclic.flights,available,23.98,75.98,medium,low,7,namecheap,,,
1ea845df-b4a4-4f2b-a528-ba86d8887e84,email.flights,premium,242,242,high,medium,6,namesilo,,,
9a9fa294-db50-4d0a-b693-515ea1dc8644,sunburst.flights,available,59.99,,high,low,8,name.com,,,
f9324846-39f6-42f2-b9ba-eddf1cb3db12,kingdom.flights,premium,500,,high,low,7,name.com,,,
86558a6d-d149-4de1-91f4-8d74f586641d,archosaur.flights,available,23.98,75.98,medium,low,9,namecheap,,,06/08/2026 15:57
cc6e3411-eff8-4019-b9c7-a07a33a5d9eb,premiere.flights,available,58.99,58.99,high,low,8,namesilo,,,
cd7930ad-7fdb-4dcf-97a4-a4fecc0206f8,andorran.flights,premium,118.8,118.8,high,low,8,namesilo,,,
90a5c61c-ccc7-4f01-bc58-a97e8a585b92,czechoslovakia.flights,available,58.99,58.99,medium,low,14,namesilo,,,
76e4c2c6-371e-49fe-95a6-19f9571116a1,antecedent.flights,available,23.98,75.98,high,low,10,namecheap,,,
d4d7f2ea-c36e-4803-b076-ca9838fc2992,across.flights,available,58.99,58.99,high,low,6,namesilo,,,
90a97653-6432-40b8-9cf2-2e865046e048,support.flights,premium,242,242,high,medium,7,namesilo,,,08/09/2026 07:15
e643ffe0-4bda-4fb6-99e0-07d9f659cd7a,hackneyed.flights,available,23.98,75.98,medium,low,9,namecheap,,,08/08/2026 10:56
bb3d6057-7407-4129-af77-377fe93a706d,city.flights,premium,500,,high,medium,4,name.com,,,
7be74dbb-8400-4ffd-b8d9-15ba945ba604,motor.flights,available,58.99,58.99,high,low,5,namesilo,,,
fd337f01-5523-4e5f-ade0-91a1073d374e,principles.flights,available,58.99,58.99,high,low,10,namesilo,,,
1251152e-d109-4fe2-8d3b-e1f498df5b88,allotted.flights,available,23.98,75.98,high,low,8,namecheap,,,
97dc6196-7554-42db-9be7-7cde19579ccd,allies.flights,available,58.99,58.99,high,low,6,namesilo,,,
a5be3e28-7d07-4092-b3ff-2c212ea25094,proper.flights,available,58.99,58.99,high,low,6,namesilo,,,
24e25b58-a874-471b-b42e-1f802afc644d,jazz.flights,available,58.99,58.99,high,low,4,namesilo,,,
59580eac-2127-4369-b769-8a218e5f4bf3,oregon.flights,premium,118.8,118.8,high,low,6,namesilo,,,
17a75c4d-70cc-4659-bb7f-c15093684e2c,abo.flights,available,23.98,75.98,high,low,3,namecheap,,,
04b5653b-9707-473d-85bb-2037255b8d7d,whiskered.flights,available,23.98,75.98,medium,low,9,namecheap,,,08/08/2026 16:15
8232e911-28ac-404c-aa5c-9b1a9d9320c7,xcl.flights,available,23.98,75.98,medium,low,3,namecheap,,,
cc3cdc05-c0df-4f14-9fb4-cd91e279f2ce,runabout.flights,available,58.99,58.99,high,low,9,namesilo,,,
070449be-2909-4e02-b02e-96c74849b862,adjective.flights,available,23.98,75.98,high,low,9,namecheap,,,
7572a41e-de94-49d9-a6a3-4deb5fe26fc4,nana.flights,available,58.99,58.99,high,low,4,namesilo,,,
d3b77891-9bfc-47f8-9dc8-9f6fdb805e1e,extraordinary.flights,available,58.99,58.99,high,low,13,namesilo,,,
2dff1487-21b2-4d88-b4fd-414a1201a3a2,walk.flights,available,58.99,58.99,high,low,4,namesilo,,,
d7c99ddf-8f7d-4011-a1e5-11a640499dac,youngest.flights,available,58.99,58.99,high,low,8,namesilo,,,
7aaef199-a4c8-489d-9f9b-cb8622c290d5,rejected.flights,available,58.99,58.99,medium,low,8,namesilo,,,
400bad51-30f6-4084-9441-07e667eca89f,fingers.flights,available,58.99,58.99,medium,low,7,namesilo,,,
3fcfd9c2-291d-4b93-b5ca-fa759a92ad15,slip.flights,available,58.99,58.99,high,low,4,namesilo,,,
f9f351f8-96c6-4b11-8d61-8cee5707d349,affinity.flights,available,,,high,low,8,,,,
ea1a5cd3-4259-4362-8929-8aeaefe8285a,seattle.flights,premium,242,242,high,low,7,namesilo,,,
135805c1-d165-44f7-a7d3-37059456344d,normality.flights,available,58.99,58.99,high,low,9,namesilo,,,
d9ff3e73-731f-4b0a-ac29-1f3741180cc0,played.flights,available,58.99,58.99,high,low,6,namesilo,,,
7e62edb9-edb6-4f57-af5f-52aecb9cf107,allophonic.flights,available,23.98,75.98,medium,low,10,namecheap,,,
cb346ad8-b471-48f3-a418-78e7a7e23c21,testing.flights,available,59.99,,high,low,7,name.com,,,
4deb68b7-1f0f-4fe6-b8ee-2d1db144e2c5,bacon.flights,available,58.99,58.99,high,low,5,namesilo,,,
dd63c9dc-6253-453c-a42b-e582e0c9ee03,friendly.flights,premium,242,242,high,low,8,namesilo,,,08/09/2026 09:53
284c798b-06cf-4e0e-8691-4bba3eec592c,zone.flights,premium,242,242,high,low,4,namesilo,,,
6db3abb8-d588-4d8c-a1ce-c35b5b88cd9e,meaning.flights,available,58.99,58.99,high,low,7,namesilo,,,
966766a0-10b1-48bd-9e23-96a280fc67b4,proud.flights,available,58.99,58.99,high,low,5,namesilo,,,
95bb1373-e150-46fe-bf70-fb473699fbec,mouthy.flights,available,59.99,,medium,low,6,name.com,,,
1f375ae9-897a-4dd1-a79c-25569a9cf324,advocate.flights,available,58.99,58.99,high,low,8,namesilo,,,
6d55f19d-6544-4d61-a5fa-805b24b336de,creaky.flights,available,23.98,75.98,medium,low,6,namecheap,,,06/08/2026 22:59
a69b1337-8825-4904-8613-82c41a576426,taxation.flights,available,58.99,58.99,high,low,8,namesilo,,,
de25ef28-2664-4b40-88aa-914346465a85,agonising.flights,available,23.98,75.98,medium,low,9,namecheap,,,
3e83783f-99aa-42b2-bda5-c7314538515b,pitfall.flights,available,58.99,58.99,high,low,7,namesilo,,,
5036dc31-41b7-4a7c-8252-ac416502eb0d,recondite.flights,available,23.98,75.98,medium,low,9,namecheap,,,
efcaa09d-8473-44e0-8f48-c32070b6a19d,baghdad.flights,premium,118.8,118.8,medium,low,7,namesilo,,,
9817f355-1891-418e-ba27-95897dde7c0e,blood.flights,available,58.99,58.99,high,low,5,namesilo,,,
da30e75c-c1c0-4067-ac99-8790db17923f,streetcleaner.flights,available,59.99,,low,low,14,name.com,,,
237ede43-769b-44ef-bd39-ffb100d24f94,nike.flights,available,,,high,low,4,,,,
0cefab93-32c4-40cb-aedf-c5c7730e6619,washing.flights,available,58.99,58.99,high,low,7,namesilo,,,
2bbc2a53-ca7b-41b7-af31-56f1c43567a3,pound.flights,available,59.99,,high,low,5,name.com,,,
2e60fc5f-3ca3-4d6b-af0e-9b4389ccb7fa,member.flights,available,59.99,,high,low,6,name.com,,,
53035b0b-b0dc-4695-988e-00f127d91344,roast.flights,available,59.99,,high,low,5,name.com,,,
b6f64fe8-88c7-4137-9c02-4ab0f9a6ecec,armada.flights,available,58.99,58.99,high,low,6,namesilo,,,
7d554fa5-cad8-41ad-845b-0d8377f22f35,injure.flights,available,58.99,58.99,high,low,6,namesilo,,,
df662743-c33a-4476-9d3f-a882b899f91e,accentual.flights,available,23.98,75.98,medium,low,9,namecheap,,,
01321845-7aa4-49be-8f63-54ebf0d33fbd,construction.flights,available,58.99,58.99,high,low,12,namesilo,,,
81ecd479-88c6-46ba-98ec-739c40d025c0,reasonably.flights,available,58.99,58.99,high,low,10,namesilo,,,
c439d6eb-319b-4d3b-b31d-554e1c6c9c9a,conflicted.flights,available,58.99,58.99,medium,low,10,namesilo,,,
cada733f-e1fe-4ad4-a0b4-bd078ee44fe0,changes.flights,available,58.99,58.99,medium,low,7,namesilo,,,
68cc7227-22f6-4e3c-bd60-5e14ca040fa4,hug.flights,available,58.99,58.99,high,low,3,namesilo,,,
6604eafc-8315-4b89-ab1e-73eb44e30dc6,mosque.flights,available,59.99,,high,low,6,name.com,,,
c324b351-9026-49c0-a64a-a8ab6a28bfea,wastebasket.flights,available,58.99,58.99,high,low,11,namesilo,,,
67b1d41f-1382-4508-9a8a-482b412f8166,yuck.flights,available,58.99,58.99,high,low,4,namesilo,,,
9a459735-9525-41a7-8303-543634015252,tahoe.flights,available,,,high,low,5,,,,
21a08230-862a-4c39-bd74-642fe218525d,knowing.flights,available,58.99,58.99,high,low,7,namesilo,,,
0dceba2f-476a-48d9-ad71-5acd1c767a17,nineteenth.flights,available,23.98,75.98,high,low,10,namecheap,,,
3014cc0d-e761-4ea6-8f6e-6b6f2a8ac8db,complement.flights,available,58.99,58.99,high,low,10,namesilo,,,
ed722f11-f5a9-48c0-81c6-25737689c86d,regret.flights,available,58.99,58.99,high,low,6,namesilo,,,
b7e5143b-ef49-4396-a205-fd3fb283ee31,wig.flights,available,58.99,58.99,high,low,3,namesilo,,,
8b90003f-1cd2-4fc5-9f8e-0b37c825199e,triad.flights,available,23.98,75.98,high,low,5,namecheap,,,
0d0556d0-dfe5-4906-a13d-05a8b049f82e,strawberry.flights,available,58.99,58.99,high,low,10,namesilo,,,
729c6f78-4161-405b-9540-741cfa1ce988,headteacher.flights,available,59.99,,high,low,12,name.com,,,
f5c3cb0f-6ab1-449e-9bcf-9c8e0f8d3cff,hanukah.flights,available,58.99,58.99,high,low,7,namesilo,,,
0e09f541-f64b-414d-880c-625e9ebf2367,agog.flights,available,23.98,75.98,high,low,4,namecheap,,,
021161df-078e-474d-8e82-95fa42850511,income.flights,available,58.99,58.99,high,low,6,namesilo,,,
7cb8e3da-d72a-408e-bf7e-fb7a51d34594,tel.flights,premium,500,,high,low,3,name.com,,,
61a6b64a-74ee-4651-bf35-9d3e3b8e5ec2,folder.flights,available,59.99,,high,low,6,name.com,,,
38caea7c-eb4f-46ac-92be-33fb76f3d30d,league.flights,available,58.99,58.99,high,low,6,namesilo,,,
ad7836ff-7c84-4faa-bc33-7c8596de1ef9,picked.flights,available,58.99,58.99,high,low,6,namesilo,,,
a5e3be21-0fb4-4641-97c6-fc2eb2fdd177,prior.flights,available,58.99,58.99,high,low,5,namesilo,,,
2086ff69-f5e1-4fc1-a73e-558292c9a813,again.flights,available,58.99,58.99,high,low,5,namesilo,,,
393e255a-fc83-483e-abcf-fc1ccbc122ee,showed.flights,available,58.99,58.99,medium,low,6,namesilo,,,
98467ef2-10ae-4fc7-a2b3-60c0d9c4b430,bucolic.flights,available,23.98,75.98,high,low,7,namecheap,,,06/08/2026 14:14
7eb25ae6-9fc2-43b5-afff-fae4317db3a8,rhiannon.flights,available,58.99,58.99,high,low,8,namesilo,,,
ad737499-1942-42c2-b7dd-20572058f913,scratched.flights,available,58.99,58.99,medium,low,9,namesilo,,,
959a4eac-bd0c-4ad5-bbfc-5e76e11bf526,loopy.flights,available,23.98,75.98,medium,low,5,namecheap,,,06/08/2026 21:22
22b2dc3e-1d31-4e01-9f88-bdc598e2de13,keeping.flights,available,58.99,58.99,high,low,7,namesilo,,,
e6bd30ba-754c-4b5a-a107-cbce437cea44,fran.flights,available,58.99,58.99,high,low,4,namesilo,,,
ddb4b340-847f-46c5-97eb-b11efd3e70a3,notions.flights,available,58.99,58.99,medium,low,7,namesilo,,,
aeac1495-c2c9-4e6c-a910-194facbcdd1d,courses.flights,premium,85.8,85.8,high,low,7,namecheap,,,
878849ef-95e2-4d70-94cd-1194ea26ddff,streetfighter.flights,available,59.99,,medium,low,14,name.com,,,
829e771a-bcad-4d24-8aa3-b50395d5917d,ascension.flights,available,23.98,75.98,high,low,9,namecheap,,,07/08/2026 00:30
afaf1cb4-45e7-42bb-8432-c45c8df8ceec,affluence.flights,available,58.99,58.99,high,low,9,namesilo,,,
608073ba-017d-499c-a880-41460e72b051,undesirable.flights,available,58.99,58.99,high,low,11,namesilo,,,
17af6fe9-f53e-492c-a738-0886ea1fb454,husband.flights,available,58.99,58.99,high,low,7,namesilo,,,
f13705d8-962a-49c4-b016-5eae617201f9,national.flights,available,,,high,low,8,,,,
4960ca12-5750-4fc4-ab31-327550433bab,yourselves.flights,available,58.99,58.99,medium,low,10,namesilo,,,
db3f375d-c96e-4bf1-94f8-e078b2933788,congestion.flights,available,58.99,58.99,high,low,10,namesilo,,,
4497d12c-08b1-46d8-82b2-36a8aa3cac9d,maze.flights,available,58.99,58.99,high,low,4,namesilo,,,
f1b4159f-a59c-4f38-ad7f-a0fc7c27a976,inspirational.flights,available,58.99,58.99,high,low,13,namesilo,,,
a960ff7b-b4a1-404b-9aaa-b5c5a8ef8b80,lol.flights,premium,500,,high,low,3,name.com,,,
f4e22ada-30ce-41dd-a848-5de7f03255dd,unlocking.flights,available,58.99,58.99,high,low,9,namesilo,,,
bea064c1-3a2c-455c-ab03-fb437e45b0e8,unacceptable.flights,available,58.99,58.99,high,low,12,namesilo,,,
351df1cb-ae53-41e8-a142-02e18d420eb5,midget.flights,available,23.98,75.98,high,low,6,namecheap,,,08/08/2026 14:19
092e643f-e8d8-4ca6-b72b-684658dd0ab5,let.flights,available,58.99,58.99,high,low,3,namesilo,,,
b645ad16-7242-41c0-b3d7-9f3f716bfcf7,avaricious.flights,available,23.98,75.98,medium,low,10,namecheap,,,07/08/2026 21:48
28486e6b-bf96-4b16-9067-cb93fb5ca447,memorize.flights,available,58.99,58.99,high,low,8,namesilo,,,
a30383d7-51b5-4169-bbd7-42cabf066602,retiring.flights,available,59.99,,high,low,8,name.com,,,
f60cb3cc-f572-437e-95fa-079253d9949d,election.flights,available,58.99,58.99,high,low,8,namesilo,,,
59437393-9a6a-4333-83a4-d9e984bb5335,squat.flights,available,58.99,58.99,high,low,5,namesilo,,,
078b6f4d-b14d-4a9a-b1f4-68bf0687be34,timely.flights,available,23.98,75.98,high,low,6,namecheap,,,06/08/2026 10:08
98478bc8-e642-460d-8fcc-d51589e3165d,waken.flights,available,23.98,75.98,high,low,5,namecheap,,,08/08/2026 00:08
6a283e12-eeaf-4f04-86d3-53e1cd4ff8ee,expect.flights,available,58.99,58.99,high,low,6,namesilo,,,
e43e0595-d7f0-4826-91be-4b9a3f75df2c,afghani.flights,available,23.98,75.98,high,low,7,namecheap,,,
6ed2e956-3905-4539-be9f-ae3ee905cf4c,mills.flights,available,59.99,,high,low,5,name.com,,,
801ef089-5f67-48d3-8bc7-c92be2840e48,impression.flights,available,58.99,58.99,high,low,10,namesilo,,,
d600f56e-08af-4203-853b-d80f1ec3e429,disagree.flights,available,58.99,58.99,high,low,8,namesilo,,,
7c1d2ac1-1777-4885-89f2-b8622e882aa3,trauma.flights,premium,118.8,118.8,high,low,6,namesilo,,,
0e122e50-9886-4739-85ba-ea95b674f070,sight.flights,available,58.99,58.99,high,low,5,namesilo,,,
0a924eb7-24c4-40b7-80fb-1a4ed4b7601d,scummy.flights,available,23.98,75.98,medium,low,6,namecheap,,,
761e6b83-4061-4bf6-8dd2-461ad1ae187c,somesing.flights,available,58.99,58.99,medium,low,8,namesilo,,,
721f5db6-514d-4a55-85fa-372aaa94f8fa,mac.flights,available,,,high,low,3,,,,
5b41360a-3fa6-4f7c-ba87-a4e5c042aecf,seen.flights,available,58.99,58.99,high,low,4,namesilo,,,
b0aaa427-4da7-4bed-9ac6-4cdd9b0a8e8f,bedewed.flights,available,23.98,75.98,low,low,7,namecheap,,,09/08/2026 06:46
1244c57b-958b-4f28-a42e-3780e15fbf3d,possess.flights,available,58.99,58.99,high,low,7,namesilo,,,
fd482987-f827-4a0e-9acd-575da857f179,treasure.flights,available,58.99,58.99,high,low,8,namesilo,,,
7f156be3-7376-494e-955e-a61fcad97b83,ssi.flights,available,58.99,58.99,high,low,3,namesilo,,,
ca13d70a-c438-4053-b3a4-a0538ff3cee9,owe.flights,available,58.99,58.99,high,low,3,namesilo,,,
2424205e-045c-4076-a64e-f397b8b34316,nutty.flights,available,23.98,75.98,high,low,5,namecheap,,,06/08/2026 21:27
4b84732f-0228-419b-b72c-61b1904e1aba,whale.flights,available,58.99,58.99,high,low,5,namesilo,,,
4974d895-2937-4317-a8cf-0578fa045aed,befuddled.flights,available,23.98,75.98,medium,low,9,namecheap,,,07/08/2026 11:41
ae1b9bc8-2fa6-4cee-8d7e-239536cdfd3e,coach.flights,premium,500,,high,low,5,name.com,,,
e4da3d2b-dba4-4991-99d7-54aeab10542f,treed.flights,available,23.98,75.98,medium,low,5,namecheap,,,07/08/2026 11:13
9180e013-866f-49d6-acc8-ceb27c2449a6,bated.flights,available,23.98,75.98,medium,low,5,namecheap,,,09/08/2026 00:22
c152e375-21e5-40b7-9caf-41ddac613b0b,owing.flights,available,58.99,58.99,medium,low,5,namesilo,,,
f6b8ef64-e232-4982-aa16-59392b9991e8,having.flights,available,58.99,58.99,high,low,6,namesilo,,,
572eada6-0d62-4dca-9823-32f324b163dc,bringing.flights,available,59.99,,high,low,8,name.com,,,
d1a1406f-d3e2-4496-842e-a7f725789fa9,tercet.flights,available,23.98,75.98,high,low,6,namecheap,,,
007d7be0-ba60-471e-9cd2-6bb653666c08,ear.flights,available,58.99,58.99,high,low,3,namesilo,,,
945b0f67-d110-4b5a-a9e6-f6099e824229,recession.flights,available,58.99,58.99,high,low,9,namesilo,,,
685b4ea8-1f4b-4fe8-9a35-3a7766a4fb83,sounded.flights,available,58.99,58.99,medium,low,7,namesilo,,,
cf45c53b-c04b-4b99-99c3-ffd9eda03aa6,atonic.flights,available,23.98,75.98,low,low,6,namecheap,,,07/08/2026 13:54
264330f0-9a84-4b28-b720-15bcb400216b,scatty.flights,available,23.98,75.98,medium,low,6,namecheap,,,
eac8701f-10a6-4242-8d3a-ca397aa11b28,tile.flights,available,58.99,58.99,high,low,4,namesilo,,,
9b8f20f3-e7a3-4e1f-8893-6197b905837c,altaic.flights,available,23.98,75.98,medium,low,6,namecheap,,,
71691f4a-b786-4f4e-9d16-1ac6ff242757,wharf.flights,available,58.99,58.99,high,low,5,namesilo,,,
4a6eb45f-7fd3-4af3-a6fe-bbe8a2caacdc,freeway.flights,available,58.99,58.99,high,low,7,namesilo,,,
a5d8b8d0-55c6-4d14-9a7e-43e713bd0b7f,disco.flights,available,58.99,58.99,high,low,5,namesilo,,,
35b84656-746e-4740-ab3f-aa8aa1fc9057,aspirin.flights,available,,,high,low,7,,,,
045530e4-9c47-4761-a3b6-9c6a09106fa6,truly.flights,available,59.99,,high,low,5,name.com,,,
b20642b2-fa73-4ef7-b16c-0c4531fb9659,allowed.flights,available,58.99,58.99,high,low,7,namesilo,,,
54a5579b-f39f-4042-b558-e935f35a6896,actinon.flights,available,23.98,75.98,medium,low,7,namecheap,,,
41b59bbb-fe50-466a-844f-0e784ce792e5,victor.flights,available,,,high,low,6,,,,
a0820ea9-6271-48d7-999e-128f2573f665,niner.flights,available,23.98,75.98,high,low,5,namecheap,,,
64cabe8b-bb8b-4dda-aa85-454b3eb6dc3d,schneider.flights,available,58.99,58.99,high,low,9,namesilo,,,
39883549-6eec-43df-b0d1-96bfbc167b4b,effectively.flights,available,58.99,58.99,high,low,11,namesilo,,,
147105cb-6f32-4d91-89da-b675f067f20b,commit.flights,available,58.99,58.99,high,low,6,namesilo,,,
7b9fb68b-b28a-419f-bab1-fc129122b1af,prohibited.flights,available,23.98,75.98,medium,low,10,namecheap,,,08/08/2026 13:48
94b31c8f-fead-4559-9136-a1c9c513c66a,curiously.flights,available,59.99,,high,low,9,name.com,,,
55cea060-870f-4e3c-a709-0748b7e9e3d7,times.flights,premium,123.75,,high,low,5,name.com,,,
d07a8a2c-1bd2-4312-9e76-8595d5be0e64,holes.flights,available,58.99,58.99,high,low,5,namesilo,,,
b34b63f9-3fd9-4cbf-8de0-d509b8e197f1,scowling.flights,available,23.98,75.98,medium,low,8,namecheap,,,09/08/2026 08:33
f5ebc83f-4d17-45f0-a365-5b710c3a5f0e,exist.flights,available,58.99,58.99,high,low,5,namesilo,,,
a64d067c-d007-4fd2-a66e-c4c52498079e,jerking.flights,available,23.98,75.98,high,low,7,namecheap,,,06/08/2026 21:58
97edbf26-fe13-45fa-b125-161afb33a8a2,arm.flights,available,,,high,low,3,,,,
01ad451d-487f-4e86-b2e4-e1f0f7400441,retardant.flights,available,58.99,58.99,high,low,9,namesilo,,,
73acc836-33da-4e01-ad05-178397ff4d38,disgrace.flights,available,58.99,58.99,high,low,8,namesilo,,,
4a34d255-9011-4c1a-8099-e3cdf24e933b,joy.flights,available,58.99,58.99,high,medium,3,namesilo,,,
f8571511-1712-4f90-854f-f14b2ddc6d5a,septenary.flights,available,23.98,75.98,medium,low,9,namecheap,,,
06284772-9916-4104-9740-d4e6f8e4b6af,initial.flights,available,58.99,58.99,high,low,7,namesilo,,,
20548498-ade1-4969-840f-2f27e3a99932,similar.flights,available,23.98,75.98,high,low,7,namecheap,,,
4697a64a-c0ba-42f2-89c6-d6bb1796d12c,pocket.flights,available,58.99,58.99,high,medium,6,namesilo,,,
f5b91281-41e0-4f4a-bd4b-8120c4507c4f,capitalize.flights,available,58.99,58.99,high,low,10,namesilo,,,
cf6dad66-d734-4125-8989-c9824ddde8cf,poverty.flights,available,58.99,58.99,medium,low,7,namesilo,,,
4d394e4e-e47c-4c78-94b3-ec3297f60378,algid.flights,available,23.98,75.98,medium,low,5,namecheap,,,
6d918eff-554f-4343-ad77-7b0ffc5aa81d,existence.flights,available,58.99,58.99,high,low,9,namesilo,,,
c0569b00-90b1-46ae-9bc8-297817c31ca9,represented.flights,available,58.99,58.99,high,low,11,namesilo,,,
3d1a8945-23fd-4d9e-8b1f-c72ddcdb7516,risen.flights,available,59.99,,high,low,5,name.com,,,
bc52978a-0738-4385-abb5-0e70c8904ed0,apologetic.flights,available,23.98,75.98,high,low,10,namecheap,,,06/08/2026 02:07
4ac317eb-b99f-470f-a22f-114e8e034300,fundament.flights,available,23.98,75.98,medium,low,9,namecheap,,,09/08/2026 10:59
634b1dcd-ed8c-4645-b561-dbc2559d8091,barreled.flights,available,23.98,75.98,medium,low,8,namecheap,,,08/08/2026 20:46
0357ea19-1cf6-44c3-90d7-c511d71d0a54,temple.flights,available,,,high,low,6,,,,
ae71d51c-b082-485e-b6bf-a5901dfc68b1,fortified.flights,available,23.98,75.98,high,low,9,namecheap,,,09/08/2026 00:17
cea18b61-fb3c-4fca-9ffc-64ce5f467269,septet.flights,available,23.98,75.98,medium,low,6,namecheap,,,
b4f928ab-84b3-46fc-89b2-e59e447c38fc,cue.flights,available,59.99,,high,low,3,name.com,,,
cf173213-ae76-4860-9db9-566865edb193,condom.flights,available,58.99,58.99,high,low,6,namesilo,,,
d8bd2462-db1a-4d5a-87dc-3e0fb68deb60,expecting.flights,available,58.99,58.99,high,low,9,namesilo,,,
0a454601-32d8-4596-a1b2-1d1bee780cd1,riding.flights,available,58.99,58.99,high,low,6,namesilo,,,
f3571801-92d6-4942-ad05-fb7b7ae3b730,yellowcake.flights,available,58.99,58.99,high,low,11,namesilo,,,
c8579509-1d97-4d29-afd8-4de945a219f1,sign.flights,available,58.99,58.99,high,low,4,namesilo,,,
eef956e5-8619-4907-bf7d-ffe19ebcf3e6,adjunct.flights,available,23.98,75.98,high,low,7,namecheap,,,
56848ff0-b3e2-402a-a238-d30f8d35c6ca,reveal.flights,available,58.99,58.99,high,low,6,namesilo,,,
14389d35-3047-4244-932f-72a72f58ab60,baby.flights,premium,118.8,118.8,high,low,4,namesilo,,,
1438ebee-681f-4a86-9b70-42db4bc8b6d6,bahamas.flights,available,,,high,low,7,,,,
33843e2a-0234-4f54-b893-5ad42e0324fa,did.flights,available,58.99,58.99,high,low,3,namesilo,,,
d91e5df4-07f9-49a9-beca-295056a398e2,increase.flights,available,58.99,58.99,high,low,8,namesilo,,,
9d927a73-2fc0-4df8-8bb9-3376f409a547,frequently.flights,available,59.99,,high,low,10,name.com,,,
a9bbf618-be7f-425d-acdc-06f35b21eb56,avionic.flights,available,23.98,75.98,high,low,7,namecheap,,,07/08/2026 23:35
1beb5a16-f2ad-450b-a36e-fcfcaaec2480,revolt.flights,available,58.99,58.99,high,low,6,namesilo,,,
af41a3d9-a8e1-4d97-9031-73bd623553a1,astern.flights,available,23.98,75.98,high,low,6,namecheap,,,
2e07f1bb-5e8c-4202-b4a5-da0e49faf87b,attempted.flights,available,23.98,75.98,high,low,9,namecheap,,,07/08/2026 15:12
6e29188c-7e6b-4d6c-8c0e-c125cc06ba3b,legion.flights,available,58.99,58.99,high,low,6,namesilo,,,
6286c6fe-7e78-439a-af77-5ee461b5c485,theyre.flights,available,58.99,58.99,medium,low,6,namesilo,,,
962b9063-1a90-4db0-b9f4-b0bc7919cfd1,carrie.flights,available,58.99,58.99,high,low,6,namesilo,,,
6cecd387-711e-4b0a-b78c-81f4e21170bd,abbatial.flights,available,23.98,75.98,medium,low,8,namecheap,,,
fb645a83-b78c-4fb3-84b3-167cebce84ab,spontaneous.flights,available,,,high,low,11,,,,
fa57c67c-96dd-45af-b5ec-6387c5db5849,mouthcare.flights,available,59.99,,medium,low,9,name.com,,,
12765563-2cfc-4ca5-951c-d3c12589be2f,speculation.flights,available,59.99,,high,low,11,name.com,,,
3abb3317-f2c1-4e0a-a30f-bf967923cc77,forget.flights,available,58.99,58.99,medium,low,6,namesilo,,,
faf9f91b-d8b1-432b-93cb-5223db8a1912,contempt.flights,available,58.99,58.99,medium,low,8,namesilo,,,
9bc9da72-8ef4-47e4-b86a-c2ad1907ebba,cocksucker.flights,available,23.98,75.98,medium,low,10,namecheap,,,08/08/2026 23:29
6bf23792-fa50-4157-a60f-7fc15f0aad8f,somebody.flights,available,58.99,58.99,high,low,8,namesilo,,,
c1b82dd4-5a77-4fec-904b-a7d1a00fec9a,exhaust.flights,available,58.99,58.99,high,low,7,namesilo,,,
05a01dbe-9773-4b0b-a8a1-45f2ab5bc57b,accordant.flights,available,23.98,75.98,high,low,9,namecheap,,,
c6e1e0f6-bf17-4f78-8b88-93ca7098f54b,giza.flights,available,58.99,58.99,high,low,4,namesilo,,,
77df2b5e-5785-4cc4-b27c-db1bdf1d1b7d,uncommitted.flights,available,58.99,58.99,medium,low,11,namesilo,,,
bfe864ee-1470-40fd-a0d5-e2de726f4e57,appellant.flights,available,23.98,75.98,medium,low,9,namecheap,,,06/08/2026 06:23
e64a4fd3-9320-4ddb-b6c8-6951afe34a90,astonish.flights,available,58.99,58.99,high,low,8,namesilo,,,
4d2d3f0f-53e8-44bf-a414-0330c00319c2,looking.flights,available,58.99,58.99,high,low,7,namesilo,,,
eff4d21f-0649-4b65-8b74-2366d7ce490b,saw.flights,available,58.99,58.99,high,low,3,namesilo,,,
5e5c6ef2-5ccd-49a0-aa6c-33116d85812b,starting.flights,available,58.99,58.99,high,low,8,namesilo,,,
af405e37-9509-472e-a9dd-c2804fbd8eb1,antitoxic.flights,available,23.98,75.98,medium,low,9,namecheap,,,05/08/2026 19:55
b0317426-1da5-4501-b80c-0c1ff7d6fccc,baptized.flights,available,23.98,75.98,high,low,8,namecheap,,,08/08/2026 14:55
dc016a63-601a-4110-903b-4c84b7598c73,respects.flights,available,58.99,58.99,high,low,8,namesilo,,,
63b5c1b5-d13a-4b5a-adca-9c5f92de6e13,inexorable.flights,available,23.98,75.98,medium,low,10,namecheap,,,
86eee986-ac19-4b40-81c3-23c4c6a93159,switch.flights,premium,500,,high,medium,6,name.com,,,
ee1141df-e5d7-4fca-b5c7-de9f74147884,xoxoxo.flights,available,58.99,58.99,high,low,6,namesilo,,,
8b31ee07-3fb2-444e-a5d8-5c38edc1ce5f,channel.flights,premium,242,242,high,low,7,namesilo,,,
0d70854d-3ee9-4734-82f6-ce1c8c3b861f,unused.flights,available,58.99,58.99,medium,low,6,namesilo,,,
66019eb1-f7e7-4608-857f-9f24ad68beee,hawaii.flights,premium,242,242,high,low,6,namesilo,,,
1d6dd621-5bb5-4bfa-9cc9-8535e0a651da,hydroponic.flights,available,23.98,75.98,medium,low,10,namecheap,,,06/08/2026 10:34
2808e5dc-94d2-4f55-9f42-c8afe6e6c197,resounding.flights,available,58.99,58.99,high,low,10,namesilo,,,
f1011aeb-9789-4459-ad86-9c24aa2fda08,auricular.flights,available,23.98,75.98,high,low,9,namecheap,,,07/08/2026 17:46
47ff88e4-e006-4598-b0da-617c966b2c42,aeolian.flights,available,23.98,75.98,high,low,7,namecheap,,,
53b3967b-9870-4f45-b3e4-b1f9db5f4ee8,abkhasian.flights,available,23.98,75.98,medium,low,9,namecheap,,,
a0914a9d-233e-47f4-8e56-ecd7e7361f64,perfectly.flights,available,58.99,58.99,high,low,9,namesilo,,,
bf1738ec-202e-40de-ab3f-65577e93173f,concoct.flights,available,58.99,58.99,high,low,7,namesilo,,,
74044c78-d86c-4c8b-ace2-2c39e1649daf,squirrel.flights,available,58.99,58.99,high,low,8,namesilo,,,
1cca397d-50e8-4a1c-94a6-92dbbe847d02,glitter.flights,available,58.99,58.99,high,low,7,namesilo,,,
5aa00b6e-5030-4e1d-8dfe-f34b09ae50db,bead.flights,available,58.99,58.99,high,low,4,namesilo,,,
7e1d98a3-e04d-4626-9f59-3f78d3313b78,step.flights,available,58.99,58.99,high,low,4,namesilo,,,
9ccacd5c-20c5-4515-b12a-0177763ad0af,pull.flights,available,58.99,58.99,high,low,4,namesilo,,,
a36b6fee-d4de-400d-bc4a-ad19751a1a2a,congregation.flights,available,58.99,58.99,high,low,12,namesilo,,,
80100078-1c61-4e86-94a8-38320fc91212,merger.flights,available,58.99,58.99,high,low,6,namesilo,,,
c9ce8e9e-f7c4-4f11-96ab-be8f92b1f760,bravery.flights,available,59.99,,high,low,7,name.com,,,
d6f64464-53c8-496b-8ed0-56974c593d3a,terror.flights,available,58.99,58.99,high,low,6,namesilo,,,
fb6a06ef-e67c-4b2f-8065-1406902af1ab,obviously.flights,available,58.99,58.99,high,low,9,namesilo,,,
541d731e-d541-4f9a-aedc-8899958e112f,jacks.flights,available,58.99,58.99,high,low,5,namesilo,,,
ba73d5d3-85bc-47b0-9d28-d08818cff1f8,rooms.flights,available,58.99,58.99,high,low,5,namesilo,,,
ed47b590-4a88-4cb8-b8b7-1099dc525df2,facility.flights,available,58.99,58.99,high,low,8,namesilo,,,
5ac789af-a140-4678-8f0c-e50713b4f961,july.flights,available,58.99,58.99,high,low,4,namesilo,,,
828c1996-f3b0-4c51-96ba-3fab05c26552,xlviii.flights,available,23.98,75.98,medium,low,6,namecheap,,,
1c317c67-4c0f-47c0-be20-541ae2f11812,masculine.flights,available,58.99,58.99,high,low,9,namesilo,,,
96e8732b-9b10-4cad-a5ff-90b27a40bc23,ads.flights,premium,118.8,118.8,high,medium,3,namesilo,,,
f581bfdf-e285-41a3-b969-a5eb4a57ee94,thread.flights,available,59.99,,high,low,6,name.com,,,
c33e988f-0207-4e3f-a07c-3397008cf680,alienated.flights,available,23.98,75.98,medium,low,9,namecheap,,,
f344c304-28e0-4166-b0f5-00e7a6a053cc,proactive.flights,available,58.99,58.99,high,low,9,namesilo,,,
6337ced5-8821-464a-9989-e0fee2df5e8a,jasmine.flights,available,23.98,75.98,high,low,7,namecheap,,,08/09/2026 14:04
348b5c54-7eb3-4a53-be3c-c1be2820b4ed,tried.flights,available,58.99,58.99,high,low,5,namesilo,,,
8a9e9408-e1bd-47a2-a2e3-7a02e02d33c0,silent.flights,available,58.99,58.99,high,low,6,namesilo,,,
3100d23a-4515-409a-b2dc-56bbd6c1c68c,armorial.flights,available,23.98,75.98,medium,low,8,namecheap,,,06/08/2026 20:15
adec7a7d-6bff-4881-96d6-ee18b517187e,barbarian.flights,available,23.98,75.98,high,low,9,namecheap,,,08/08/2026 15:26
57af57be-eacb-4b24-80c2-21e2ce710562,none.flights,available,58.99,58.99,high,low,4,namesilo,,,
8422bebe-27e5-430e-b082-61c3d428a67f,piss.flights,available,58.99,58.99,high,low,4,namesilo,,,
f7d85ebc-4225-4c10-9e43-f9fa53b2ec6c,liii.flights,available,23.98,75.98,medium,low,4,namecheap,,,
5b0cf466-0a93-4c0e-931c-6efcab901281,vii.flights,available,23.98,75.98,high,low,3,namecheap,,,
be55b8b2-961b-485a-bbec-d9c8f52e33d6,analyst.flights,available,58.99,58.99,high,low,7,namesilo,,,
0597adfd-8bd6-48b6-b044-5e2b0811f719,beetling.flights,available,23.98,75.98,medium,low,8,namecheap,,,09/08/2026 08:22
8ba9fbab-1cbf-453f-b63a-bba1e41076e6,descend.flights,available,58.99,58.99,high,low,7,namesilo,,,
350b7d32-86c9-4a16-aefd-6c760be14b6f,increasing.flights,available,58.99,58.99,high,low,10,namesilo,,,
64b622d4-bc56-409d-942d-61791e52e719,evrything.flights,available,58.99,58.99,medium,low,9,namesilo,,,
19ba8833-88b4-4d20-8af7-68db09d18cc3,toad.flights,available,23.98,75.98,high,low,4,namecheap,,,05/08/2026 21:06
dba77349-8680-4119-9e36-ea9b0230060e,undisciplined.flights,available,58.99,58.99,medium,low,13,namesilo,,,
e1d83a15-1d59-40c4-a3c7-117e460dc795,norwegian.flights,premium,78.54,78.54,high,low,9,namesilo,,,
d5ccffc9-757d-44ae-8efa-1874b78f1db4,woman.flights,available,58.99,58.99,high,low,5,namesilo,,,
aaa50719-c186-4be2-b3f3-14c58bc40268,inverse.flights,available,58.99,58.99,high,low,7,namesilo,,,
8d63c0bb-1558-46e7-93e1-f0cf9608c2e5,multiple.flights,available,58.99,58.99,high,low,8,namesilo,,,
c8b94d5e-03b1-4de2-8285-e1f4f3875284,unassuming.flights,available,59.99,,high,low,10,name.com,,,
2193f55c-6d60-4c91-95ea-731637c9cd77,accomplished.flights,available,58.99,58.99,high,low,12,namesilo,,,
2715876f-0e58-4a2e-85f1-975c8ae93451,avenged.flights,available,23.98,75.98,high,low,7,namecheap,,,07/08/2026 22:35
f01fbffd-70d7-4d49-b864-1fc99f8025bf,could.flights,available,59.99,,high,low,5,name.com,,,
8cd2a034-00bc-4b1d-9e16-f16ccdbc8c63,relapse.flights,available,59.99,,high,low,7,name.com,,,
17b42437-e29a-46b8-bfdb-824feda86b0c,tylenol.flights,available,,,high,low,7,,,,
2f852e5a-3eda-4ccf-afcb-3a054fc8c1ca,recommend.flights,available,58.99,58.99,high,low,9,namesilo,,,
b430055c-a1b0-42a8-a360-cebb51781115,within.flights,available,58.99,58.99,high,low,6,namesilo,,,
976cc13b-0973-4fa7-83b6-dd0bb5930c41,reticent.flights,available,59.99,,high,low,8,name.com,,,
7a7e7eff-523b-4af0-ad5b-043f7279cd52,less.flights,available,58.99,58.99,high,low,4,namesilo,,,
e4f87f34-b822-4654-b266-3010094f86fd,sunday.flights,premium,78.54,78.54,high,low,6,namesilo,,,
40ccfeff-fc24-4dea-b700-986dd40fdab7,solo.flights,available,,,high,low,4,,,,
48db14d5-4085-455b-a77b-7aba6229a3c4,lots.flights,available,58.99,58.99,high,low,4,namesilo,,,
f3891b6f-430f-4321-b3af-952790f0cb0f,resonating.flights,available,58.99,58.99,high,low,10,namesilo,,,
130fef2a-e29d-459f-a814-0fc7a4312525,crocodile.flights,available,59.99,,high,low,9,name.com,,,
a7abafb2-4545-4ad0-abff-0af544da9ccc,vexation.flights,available,23.98,75.98,medium,low,8,namecheap,,,
0b66946c-e45e-41a7-8a3a-e62e2ed0b38d,invisible.flights,available,58.99,58.99,high,low,9,namesilo,,,
a530c855-b348-4e14-8c91-9fbbd9d8882b,super.flights,premium,242,242,high,medium,5,namesilo,,,
d8620657-282a-4614-98ef-e4d4b9ce9c41,sumbuddy.flights,available,58.99,58.99,low,low,8,namesilo,,,
d9c7ba5b-16d5-40a4-810c-16c2ea38c599,bits.flights,available,58.99,58.99,high,low,4,namesilo,,,
99ba731b-9bbc-4ba4-b8e5-b863197c601b,inspiring.flights,available,58.99,58.99,high,low,9,namesilo,,,